date,station,daily_rainfall_total,mean_temperature,maximum_temperature,minimum_temperature,mean_wind_speed,max_wind_speed
2009-01-24,Admiralty,0.0,26.8,31.4,24.4,11.7,38.2
2009-01-25,Admiralty,0.8,25.9,27.8,24.4,12.7,38.2
2009-01-26,Admiralty,0.0,25.9,29.6,23.7,12.4,42.5
2009-01-27,Admiralty,0.0,26.370793224994657,30.2,23.7,10.4,38.9
2009-01-28,Admiralty,0.0,26.6,31.9,23.7,10.3,32.4
2009-01-29,Admiralty,0.0,26.3,30.0,23.9,11.3,33.5
2009-01-30,Admiralty,0.0,26.5,30.9,24.2,9.6,31.3
2009-01-31,Admiralty,0.0,26.4,29.9,24.8,11.4,41.8
2009-02-01,Admiralty,0.0,26.2,29.1,24.7,13.3,41.4
2009-02-02,Admiralty,0.0,26.7,31.0,23.8,9.9,40.7
2009-02-03,Admiralty,0.0,26.2,30.4,23.5,10.7,31.7
2009-02-04,Admiralty,2.8,26.1,30.4,23.9,8.8,41.4
2009-02-05,Admiralty,0.0,26.2,30.0,23.9,11.0,33.5
2009-02-06,Admiralty,0.0,26.3,30.4,23.7,11.6,35.3
2009-02-07,Admiralty,0.0,26.0,30.4,23.6,11.1,35.3
2009-02-08,Admiralty,0.0,26.8,31.9,23.8,11.3,32.0
2009-02-09,Admiralty,0.0,26.8,31.8,23.7,13.4,38.2
2009-02-10,Admiralty,0.0,27.1,32.0,24.0,10.8,28.1
2009-02-11,Admiralty,21.6,26.4,32.0,24.4,8.6,30.2
2009-02-12,Admiralty,0.2,27.1,32.0,24.7,6.5,31.0
2009-02-13,Admiralty,0.0,28.0,33.0,25.4,9.0,29.2
2009-02-14,Admiralty,0.0,27.8,31.9,24.9,8.1,32.4
2009-02-15,Admiralty,0.0,28.6,32.6,25.5,8.5,40.3
2009-02-16,Admiralty,22.0,27.4,33.4,26.0,8.3,38.2
2009-02-17,Admiralty,0.0,27.8,32.1,25.1,12.0,38.2
2009-02-18,Admiralty,0.0,27.4,32.4,24.6,12.2,40.0
2009-02-19,Admiralty,0.0,27.3,32.1,24.4,12.9,39.6
2009-02-20,Admiralty,0.0,27.4,32.1,24.5,11.5,36.7
2009-02-21,Admiralty,0.4,26.9,31.6,25.2,8.6,34.9
2009-02-22,Admiralty,14.6,26.1,31.7,23.1,8.5,41.4
2009-02-23,Admiralty,28.8,25.9,30.9,23.4,6.9,47.5
2009-02-24,Admiralty,7.8,25.0,27.8,23.4,6.9,29.9
2009-02-25,Admiralty,39.4,26.3,32.6,23.0,6.3,42.8
2009-02-26,Admiralty,2.0,26.0,30.6,24.2,6.6,27.4
2009-02-27,Admiralty,0.0,26.9,31.1,24.7,7.6,26.3
2009-02-28,Admiralty,8.4,26.8,33.1,24.2,6.9,40.0
2009-03-01,Admiralty,9.2,26.6,32.1,24.1,7.5,38.5
2009-03-02,Admiralty,41.2,27.0,32.9,23.9,7.4,30.2
2009-03-03,Admiralty,2.6,25.2,27.3,22.2,7.8,47.5
2009-03-04,Admiralty,10.2,27.2,34.1,24.0,6.9,36.4
2009-03-05,Admiralty,21.6,27.1,31.9,23.5,8.0,44.6
2009-03-06,Admiralty,0.0,27.7,32.8,23.5,7.4,34.2
2009-03-07,Admiralty,1.8,27.2,32.2,25.6,5.9,36.7
2009-03-08,Admiralty,0.0,27.9,33.6,24.6,7.9,31.0
2009-03-09,Admiralty,142.0,24.8,28.4,22.9,9.6,35.3
2009-03-10,Admiralty,0.0,27.0,32.2,22.7,6.5,32.0
2009-03-11,Admiralty,3.8,26.6,31.2,25.0,6.2,37.4
2009-03-12,Admiralty,1.4,27.5,34.0,24.4,7.2,31.7
2009-03-13,Admiralty,0.8,26.3,30.5,25.1,7.5,40.7
2009-03-14,Admiralty,20.4,26.1,33.6,23.9,7.4,40.0
2009-03-15,Admiralty,2.8,25.8,31.6,23.7,6.6,31.3
2009-03-16,Admiralty,5.2,25.5,28.6,24.2,5.2,25.9
2009-03-17,Admiralty,1.6,27.3,33.2,24.0,6.5,26.3
2009-03-18,Admiralty,6.0,28.1,33.5,23.3,9.4,51.5
2009-03-19,Admiralty,0.2,28.020414491675044,33.1,23.2,7.7,44.6
2009-03-20,Admiralty,7.785205954819325,27.447181674633633,33.665340925353476,23.66049278205873,6.9,29.2
2009-03-21,Admiralty,12.8,26.5,32.6,23.6,6.6,38.2
2009-03-22,Admiralty,0.0,26.2,30.4,23.1,6.3,41.4
2009-03-23,Admiralty,0.0,28.0,33.4,24.5,7.7,28.1
2009-03-24,Admiralty,7.0,26.3,29.1,23.2,7.3,55.8
2009-03-25,Admiralty,20.6,27.2,34.5,24.6,5.7,36.4
2009-03-26,Admiralty,6.8,27.6,33.4,24.9,6.1,32.8
2009-03-27,Admiralty,0.2,28.4,33.5,25.4,5.7,24.8
2009-03-28,Admiralty,0.0,27.7,31.5,25.0,7.6,31.3
2009-03-29,Admiralty,29.6,26.9,33.9,22.7,7.3,36.7
2009-03-30,Admiralty,0.2,27.1,31.6,24.7,8.6,28.8
2009-03-31,Admiralty,0.0,27.7,32.1,25.1,6.1,26.6
2009-04-01,Admiralty,0.0,28.1,32.6,25.1,8.3,32.4
2009-04-02,Admiralty,0.0,28.6,33.1,25.8,8.3,33.8
2009-04-03,Admiralty,0.0,28.7,33.2,25.8,10.1,31.3
2009-04-04,Admiralty,0.6,28.6,32.1,26.1,8.8,32.0
2009-04-05,Admiralty,15.2,26.4,30.8,24.7,5.7,38.5
2009-04-06,Admiralty,1.2,26.8,31.3,25.0,5.4,34.6
2009-04-07,Admiralty,0.0,27.3,30.9,24.9,4.5,19.4
2009-04-08,Admiralty,0.2,28.6,32.0,25.1,9.4,34.6
2009-04-09,Admiralty,0.2,27.6,30.9,26.1,8.0,32.0
2009-04-10,Admiralty,33.4,26.7,32.2,23.9,6.4,37.1
2009-04-11,Admiralty,16.0,26.7,34.1,24.3,5.4,33.5
2009-04-12,Admiralty,8.0,26.2,28.3,23.9,6.0,25.2
2009-04-13,Admiralty,0.0,27.0,32.4,23.7,5.6,37.8
2009-04-14,Admiralty,0.0,28.9,34.4,25.3,6.0,27.4
2009-04-15,Admiralty,21.2,27.5,29.2,24.1,8.2,39.2
2009-04-16,Admiralty,0.0,27.7,29.8,25.8,5.5,25.9
2009-04-17,Admiralty,0.0,29.5,34.6,25.8,6.1,24.1
2009-04-18,Admiralty,0.0,29.9,35.1,26.4,6.8,27.0
2009-04-19,Admiralty,0.0,29.1,34.2,25.8,6.5,27.4
2009-04-20,Admiralty,10.8,28.1,30.5,25.5,9.3,36.0
2009-04-21,Admiralty,0.0,28.5,32.2,24.5,10.3,41.4
2009-04-22,Admiralty,6.6,29.5,32.6,24.3,12.1,77.8
2009-04-23,Admiralty,0.0,29.0,33.2,23.9,11.2,43.6
2009-04-24,Admiralty,0.0,29.5,32.6,26.3,10.4,38.2
2009-04-25,Admiralty,0.0,30.1,33.2,27.7,6.3,32.0
2009-04-26,Admiralty,5.8,27.6,33.0,23.8,6.6,52.9
2009-04-27,Admiralty,0.0,29.4,34.7,25.2,4.9,23.4
2009-04-28,Admiralty,16.8,26.7,30.3,24.8,6.1,40.3
2009-04-29,Admiralty,1.0,28.3,33.4,24.7,5.3,41.0
2009-04-30,Admiralty,11.8,27.0,29.0,23.7,7.4,32.8
2009-05-01,Admiralty,0.0,28.7,33.5,25.8,7.4,28.4
2009-05-02,Admiralty,15.8,28.3,31.2,26.1,9.3,32.8
2009-05-03,Admiralty,3.6,28.1,31.2,23.0,12.1,62.6
2009-05-04,Admiralty,2.2,27.6,29.9,25.1,10.0,37.8
2009-05-05,Admiralty,16.8,29.0,31.8,26.2,8.1,34.2
2009-05-06,Admiralty,1.2,28.0,31.0,21.8,9.7,59.8
2009-05-07,Admiralty,0.0,29.2,32.7,25.0,9.3,37.1
2009-05-08,Admiralty,5.6,29.1,32.5,24.8,6.1,33.8
2009-05-09,Admiralty,0.2,28.2,31.5,24.2,8.7,47.5
2009-05-10,Admiralty,2.8,28.8,32.8,26.0,6.0,29.5
2009-05-11,Admiralty,0.0,27.1,32.5,24.9,6.3,27.4
2009-05-12,Admiralty,0.0,28.2,31.1,25.0,6.8,25.9
2009-05-13,Admiralty,1.2,29.0,32.9,26.2,9.6,32.0
2009-05-14,Admiralty,0.2,28.5,32.3,24.5,7.7,36.0
2009-05-15,Admiralty,39.6,27.8,34.0,24.1,5.6,34.2
2009-05-16,Admiralty,0.2,27.6,33.7,25.7,5.5,34.2
2009-05-17,Admiralty,0.0,29.0,33.6,25.0,6.8,25.6
2009-05-18,Admiralty,2.0,26.5,29.5,24.5,5.5,35.6
2009-05-19,Admiralty,0.0,28.8,33.6,25.3,5.7,23.0
2009-05-20,Admiralty,0.0,29.5,33.4,26.3,6.8,25.2
2009-05-21,Admiralty,62.8,28.5,33.1,24.3,7.2,45.4
2009-05-22,Admiralty,0.0,29.5,34.2,25.2,5.6,27.7
2009-05-23,Admiralty,25.6,27.8,32.7,24.1,7.4,38.2
2009-05-24,Admiralty,0.0,29.3,34.2,25.5,6.6,25.2
2009-05-25,Admiralty,0.0,30.0,34.7,26.4,7.5,31.0
2009-05-26,Admiralty,22.6,27.1,31.0,24.5,7.5,65.9
2009-05-27,Admiralty,0.0,29.0,33.1,25.6,5.3,21.2
2009-05-28,Admiralty,0.8,28.8,33.1,27.0,7.2,44.3
2009-05-29,Admiralty,0.0,28.5,33.5,26.0,6.4,28.4
2009-05-30,Admiralty,2.4,28.3,32.4,23.9,7.8,55.8
2009-05-31,Admiralty,0.0,29.2,33.6,25.9,9.5,33.5
2009-06-01,Admiralty,0.0,29.9,34.2,26.5,7.8,23.0
2009-06-02,Admiralty,0.8,30.4,34.6,27.8,6.1,24.1
2009-06-03,Admiralty,3.2,28.2,31.0,24.3,7.8,38.9
2009-06-04,Admiralty,0.0,28.4,31.8,24.8,7.2,43.9
2009-06-05,Admiralty,0.0,30.2,33.8,27.8,7.1,30.6
2009-06-06,Admiralty,0.0,30.3,34.2,27.8,5.9,23.8
2009-06-07,Admiralty,13.4,27.6,32.4,24.7,5.6,55.1
2009-06-08,Admiralty,0.0,29.1,33.0,25.6,6.0,29.2
2009-06-09,Admiralty,0.0,30.1,33.7,27.6,5.1,23.8
2009-06-10,Admiralty,0.0,30.6,34.6,27.8,6.2,23.0
2009-06-11,Admiralty,0.0,30.1,34.7,26.6,7.1,27.0
2009-06-12,Admiralty,1.8,28.6,34.3,25.9,7.0,40.3
2009-06-13,Admiralty,16.6,27.6,31.6,23.7,6.5,41.4
2009-06-14,Admiralty,0.0,28.4,32.4,24.8,5.6,28.1
2009-06-15,Admiralty,0.0,28.6,31.6,26.1,7.2,37.8
2009-06-16,Admiralty,0.0,28.8,31.3,26.8,6.5,28.8
2009-06-17,Admiralty,0.0,30.3,33.9,27.9,6.6,26.3
2009-06-18,Admiralty,0.0,30.2,34.2,27.0,7.0,29.9
2009-06-19,Admiralty,0.0,29.8,32.9,27.7,6.3,32.4
2009-06-20,Admiralty,9.6,29.3,33.7,25.0,6.5,45.7
2009-06-21,Admiralty,11.0,28.4,33.2,25.8,5.1,27.0
2009-06-22,Admiralty,0.2,28.4,31.8,25.6,5.2,21.6
2009-06-23,Admiralty,21.6,27.8,32.4,25.6,5.2,28.1
2009-06-24,Admiralty,2.4,26.1,27.7,25.2,7.5,36.7
2009-06-25,Admiralty,0.0,28.8,33.2,25.0,6.8,21.2
2009-06-26,Admiralty,0.0,28.8,34.1,25.9,5.4,28.1
2009-06-27,Admiralty,0.0,27.8,32.3,24.7,5.9,37.8
2009-06-28,Admiralty,10.6,28.2,32.1,25.6,4.8,34.2
2009-06-29,Admiralty,0.8,27.5,32.2,24.4,7.3,30.2
2009-06-30,Admiralty,0.0,28.6,33.2,24.5,6.8,27.7
2009-07-01,Admiralty,6.8,28.3,32.4,25.8,5.7,32.0
2009-07-02,Admiralty,11.6,27.1,32.0,23.9,5.3,56.9
2009-07-03,Admiralty,0.0,28.7,32.9,24.7,5.4,30.6
2009-07-04,Admiralty,0.0,29.5,33.7,27.2,7.8,44.3
2009-07-05,Admiralty,29.8,26.6,31.6,23.4,7.4,34.9
2009-07-06,Admiralty,0.0,26.4,30.1,23.8,6.4,35.3
2009-07-07,Admiralty,1.4,27.1,31.4,24.6,4.8,36.4
2009-07-08,Admiralty,0.6,27.2,32.3,24.4,5.3,36.0
2009-07-09,Admiralty,3.4,27.6,33.6,25.5,4.8,26.3
2009-07-10,Admiralty,8.0,27.0,31.8,24.7,5.9,40.0
2009-07-11,Admiralty,0.0,27.3,31.0,25.0,10.2,47.5
2009-07-12,Admiralty,0.0,27.5,30.4,24.4,10.9,45.7
2009-07-13,Admiralty,0.0,28.9,32.1,26.4,7.4,35.6
2009-07-14,Admiralty,4.6,28.9,31.9,26.9,6.9,27.0
2009-07-15,Admiralty,0.8,27.3,30.2,22.5,5.7,50.4
2009-07-16,Admiralty,0.0,29.0,31.6,27.0,6.8,34.9
2009-07-17,Admiralty,0.0,29.3,32.1,27.6,6.3,31.0
2009-07-18,Admiralty,0.8,28.9,32.5,27.4,5.8,27.4
2009-07-19,Admiralty,1.2,28.2,31.6,26.0,6.3,32.8
2009-07-20,Admiralty,0.0,29.5,33.7,26.7,5.6,26.3
2009-07-21,Admiralty,2.0,29.8,33.5,27.5,7.5,28.8
2009-07-22,Admiralty,18.6,26.6,29.1,22.5,6.5,50.0
2009-07-23,Admiralty,4.0,29.0,32.9,25.3,6.1,29.9
2009-07-24,Admiralty,0.2,27.2,29.2,23.8,6.7,47.5
2009-07-25,Admiralty,0.0,28.9,32.2,26.0,5.6,25.9
2009-07-26,Admiralty,0.0,28.3,31.9,24.1,8.6,45.7
2009-07-27,Admiralty,9.2,26.5,30.4,22.6,7.1,59.4
2009-07-28,Admiralty,0.0,28.0,33.1,23.4,6.7,33.1
2009-07-29,Admiralty,0.0,29.0,32.3,26.8,7.1,33.1
2009-07-30,Admiralty,0.0,28.5,32.2,24.9,7.2,29.5
2009-07-31,Admiralty,0.0,28.8,32.8,24.9,6.2,29.5
2009-08-01,Admiralty,0.0,28.9,31.7,26.5,6.5,28.8
2009-08-02,Admiralty,0.0,29.2,32.4,27.0,6.4,29.9
2009-08-03,Admiralty,0.0,29.2,32.9,26.8,7.1,31.3
2009-08-04,Admiralty,0.0,29.3,33.0,27.0,6.5,27.4
2009-08-05,Admiralty,1.2,28.1,30.9,26.6,6.1,40.3
2009-08-06,Admiralty,0.0,29.4,33.6,24.4,5.7,29.2
2009-08-07,Admiralty,0.0,29.0,32.3,27.0,6.4,40.7
2009-08-08,Admiralty,0.0,29.0,32.5,25.6,6.3,29.5
2009-08-09,Admiralty,0.2,29.3,33.1,27.4,7.0,27.7
2009-08-10,Admiralty,0.0,26.9,30.1,23.7,6.9,50.4
2009-08-11,Admiralty,0.4,28.9,33.2,26.2,6.2,25.9
2009-08-12,Admiralty,0.0,29.3,33.0,27.3,9.8,36.4
2009-08-13,Admiralty,0.0,29.7,33.6,27.4,8.7,33.5
2009-08-14,Admiralty,0.0,28.9,33.0,26.1,7.8,38.5
2009-08-15,Admiralty,2.8,26.8,30.6,25.4,5.6,43.6
2009-08-16,Admiralty,3.6,27.7,33.1,25.1,5.7,33.1
2009-08-17,Admiralty,8.4,27.1,30.7,24.9,4.5,33.1
2009-08-18,Admiralty,0.0,28.8,33.1,25.4,8.4,37.4
2009-08-19,Admiralty,0.0,29.1,33.0,26.0,6.3,27.7
2009-08-20,Admiralty,3.0,27.5,32.7,23.3,6.3,43.9
2009-08-21,Admiralty,0.6,26.6,30.7,23.7,4.8,38.9
2009-08-22,Admiralty,8.2,28.8,33.3,24.7,5.9,26.3
2009-08-23,Admiralty,0.0,26.3,29.6,23.2,7.0,38.2
2009-08-24,Admiralty,16.2,27.7,31.0,24.3,9.7,43.9
2009-08-25,Admiralty,0.0,27.5,31.4,22.7,10.4,47.5
2009-08-26,Admiralty,0.4,27.5,31.4,24.4,5.2,39.6
2009-08-27,Admiralty,37.0,26.2,28.2,23.6,9.8,33.1
2009-08-28,Admiralty,0.0,26.7,30.6,23.2,11.4,48.6
2009-08-29,Admiralty,0.0,28.9,32.5,26.2,6.7,30.2
2009-08-30,Admiralty,7.8,26.2,28.3,24.1,7.0,47.5
2009-08-31,Admiralty,0.4,27.5,31.6,25.2,5.4,24.8
2009-09-01,Admiralty,24.0,25.3,29.9,23.5,9.5,49.0
2009-09-02,Admiralty,0.0,27.8,32.6,23.8,5.0,24.5
2009-09-03,Admiralty,1.4,28.9,32.7,26.5,7.1,29.9
2009-09-04,Admiralty,4.0,28.5,31.2,26.2,5.4,29.2
2009-09-05,Admiralty,0.0,28.3,32.1,24.9,7.7,41.4
2009-09-06,Admiralty,1.0,26.6,28.0,24.4,5.0,40.7
2009-09-07,Admiralty,0.0,28.5,31.8,25.9,6.0,25.9
2009-09-08,Admiralty,0.0,29.1,31.9,27.4,5.1,20.9
2009-09-09,Admiralty,0.0,29.8,33.4,27.7,5.6,31.3
2009-09-10,Admiralty,3.4,29.2,32.6,26.1,5.7,30.2
2009-09-11,Admiralty,4.6,27.4,31.3,26.0,4.7,27.4
2009-09-12,Admiralty,0.0,29.2,33.3,26.0,6.3,30.6
2009-09-13,Admiralty,3.8,29.3,33.3,26.6,7.0,46.8
2009-09-14,Admiralty,0.0,29.5,34.1,25.8,6.1,24.5
2009-09-15,Admiralty,0.0,29.5,33.2,26.9,5.3,30.2
2009-09-16,Admiralty,8.2,28.9,34.3,24.9,6.0,37.1
2009-09-17,Admiralty,0.0,27.3,30.1,26.1,7.3,30.2
2009-09-18,Admiralty,8.2,26.1,29.4,23.1,4.7,39.2
2009-09-19,Admiralty,5.4,25.8,28.4,23.5,5.6,31.3
2009-09-20,Admiralty,0.0,28.6,33.1,25.0,5.0,29.9
2009-09-21,Admiralty,0.2,27.6,32.9,24.8,6.6,28.1
2009-09-22,Admiralty,0.0,27.5,30.9,24.8,6.6,32.8
2009-09-23,Admiralty,0.2,28.5,32.0,25.4,6.3,31.3
2009-09-24,Admiralty,1.0,27.5,31.2,23.5,8.7,54.4
2009-09-25,Admiralty,0.0,29.0,32.5,26.1,7.1,33.5
2009-09-26,Admiralty,0.0,29.6,33.1,25.9,6.9,35.6
2009-09-27,Admiralty,0.0,29.3,32.9,27.1,6.2,28.8
2009-09-28,Admiralty,0.0,29.7,33.5,27.4,5.9,33.1
2009-09-29,Admiralty,1.8,28.5,31.2,25.3,11.4,44.6
2009-09-30,Admiralty,0.4,28.8,32.6,24.3,7.1,40.0
2009-10-01,Admiralty,0.0,27.8,29.7,25.2,7.6,42.8
2009-10-02,Admiralty,0.0,28.7,33.5,26.4,7.0,33.1
2009-10-03,Admiralty,2.6,26.8,31.5,24.8,7.3,55.8
2009-10-04,Admiralty,0.0,27.4,32.4,24.4,7.8,40.0
2009-10-05,Admiralty,0.6,27.5,30.4,25.5,9.2,43.9
2009-10-06,Admiralty,0.0,27.7,29.9,24.1,7.5,41.4
2009-10-07,Admiralty,0.0,29.0,33.2,24.7,5.3,37.4
2009-10-08,Admiralty,16.6,26.8,30.6,22.2,5.7,50.8
2009-10-09,Admiralty,0.0,29.2,33.4,25.1,6.0,32.4
2009-10-10,Admiralty,12.8,27.9,31.6,24.0,5.5,59.4
2009-10-11,Admiralty,0.0,29.5,33.2,26.2,6.2,29.9
2009-10-12,Admiralty,3.2,27.4,31.4,25.5,6.2,37.8
2009-10-13,Admiralty,0.0,27.6,31.5,25.3,6.2,28.4
2009-10-14,Admiralty,2.4,27.1,31.4,25.3,4.9,33.8
2009-10-15,Admiralty,21.6,26.7,32.9,23.6,4.7,43.9
2009-10-16,Admiralty,13.4,27.8,32.3,22.9,5.8,47.5
2009-10-17,Admiralty,0.0,28.9,33.8,25.7,6.7,27.4
2009-10-18,Admiralty,0.0,29.0,33.1,26.1,7.1,31.7
2009-10-19,Admiralty,0.0,29.6,34.3,26.0,5.4,25.9
2009-10-20,Admiralty,0.0,29.2,33.1,26.7,5.7,33.8
2009-10-21,Admiralty,0.0,28.6,32.2,25.6,8.2,31.7
2009-10-22,Admiralty,0.6,28.2,30.8,25.9,5.5,22.3
2009-10-23,Admiralty,30.4,27.4,32.4,24.3,6.2,32.4
2009-10-24,Admiralty,0.0,28.8,33.5,25.5,5.9,25.6
2009-10-25,Admiralty,3.8,27.6,31.1,24.7,8.0,38.2
2009-10-26,Admiralty,0.0,28.5,33.0,24.9,6.8,28.4
2009-10-27,Admiralty,0.0,28.0,31.4,25.5,6.4,35.3
2009-10-28,Admiralty,1.0,26.9,31.8,25.1,5.0,19.4
2009-10-29,Admiralty,0.0,27.3,31.4,24.6,7.9,27.4
2009-10-30,Admiralty,49.4,27.5,32.1,25.3,5.6,38.2
2009-10-31,Admiralty,1.6,26.3,31.5,22.8,7.0,45.4
2009-11-01,Admiralty,0.0,27.7,33.0,25.1,6.6,30.2
2009-11-02,Admiralty,19.6,27.2,32.9,24.4,5.1,29.2
2009-11-03,Admiralty,0.2,27.9,34.9,25.2,6.1,40.7
2009-11-04,Admiralty,3.4,27.7,31.1,25.4,10.2,49.0
2009-11-05,Admiralty,66.4,25.8,31.0,23.8,6.6,38.5
2009-11-06,Admiralty,0.0,26.8,31.1,24.6,5.6,23.0
2009-11-07,Admiralty,0.2,27.6,33.1,24.6,6.1,25.2
2009-11-08,Admiralty,0.0,28.5,33.1,25.5,7.9,33.5
2009-11-09,Admiralty,0.2,26.7,28.8,25.5,6.5,28.1
2009-11-10,Admiralty,3.6,26.4,31.3,24.8,6.6,40.3
2009-11-11,Admiralty,0.2,27.6,32.6,24.5,6.3,45.4
2009-11-12,Admiralty,7.0,27.1,30.9,25.5,5.1,33.5
2009-11-13,Admiralty,13.2,25.6,29.9,23.9,7.1,32.4
2009-11-14,Admiralty,0.0,25.7,30.0,23.3,7.0,40.7
2009-11-15,Admiralty,4.4,26.7,32.5,24.1,7.3,35.3
2009-11-16,Admiralty,34.0,25.6,28.7,23.6,7.6,29.2
2009-11-17,Admiralty,0.2,27.2,33.1,23.6,8.2,33.1
2009-11-18,Admiralty,36.2,26.7,30.6,23.0,6.6,41.8
2009-11-19,Admiralty,71.4,25.3,30.6,23.6,8.0,50.0
2009-11-20,Admiralty,0.0,25.8,29.5,23.5,7.6,28.8
2009-11-21,Admiralty,1.2,26.7,31.9,24.0,9.5,49.3
2009-11-22,Admiralty,0.0,27.1,30.5,25.2,15.9,48.6
2009-11-23,Admiralty,0.0,26.8,28.9,25.1,10.9,38.2
2009-11-24,Admiralty,0.0,27.8,31.1,25.6,12.0,45.0
2009-11-25,Admiralty,0.0,28.3,32.9,25.4,9.6,43.6
2009-11-26,Admiralty,0.0,28.0,34.1,25.0,8.8,31.7
2009-11-27,Admiralty,10.4,27.6,32.9,24.5,8.9,51.1
2009-11-28,Admiralty,0.8,27.6,32.5,25.6,9.0,34.6
2009-11-29,Admiralty,0.0,26.7,29.4,24.9,11.1,43.2
2009-11-30,Admiralty,0.0,26.4,27.7,25.3,8.2,30.2
2009-12-01,Admiralty,0.0,27.6,31.3,24.8,7.6,33.5
2009-12-02,Admiralty,0.0,26.8,31.0,24.8,6.7,24.8
2009-12-03,Admiralty,0.4,26.4,28.1,25.0,7.3,23.8
2009-12-04,Admiralty,11.6,25.6,29.1,24.1,7.5,26.3
2009-12-05,Admiralty,18.6,25.4,28.7,24.3,6.1,27.4
2009-12-06,Admiralty,0.6,25.9,29.4,24.3,7.3,34.2
2009-12-07,Admiralty,10.6,26.6,30.1,24.1,10.2,48.6
2009-12-08,Admiralty,0.0,27.4,31.4,24.9,12.3,38.2
2009-12-09,Admiralty,0.2,27.0,30.6,25.0,10.2,37.4
2009-12-10,Admiralty,0.0,27.4,31.1,25.2,12.8,39.6
2009-12-11,Admiralty,0.0,27.3,31.2,24.8,12.5,36.7
2009-12-12,Admiralty,0.0,27.3,31.5,24.8,12.3,38.2
2009-12-13,Admiralty,5.4,27.2,31.0,24.5,9.3,34.6
2009-12-14,Admiralty,0.0,27.6,31.1,25.9,10.5,34.9
2009-12-15,Admiralty,1.8,27.6,32.9,25.7,7.6,32.0
2009-12-16,Admiralty,5.8,27.2,32.0,24.9,8.4,34.2
2009-12-17,Admiralty,12.4,26.4,29.3,24.7,5.6,34.6
2009-12-18,Admiralty,0.0,26.9,29.6,25.0,7.2,25.6
2009-12-19,Admiralty,9.2,25.5,28.0,24.3,7.9,31.0
2009-12-20,Admiralty,0.0,26.4,29.9,24.3,10.4,40.3
2009-12-21,Admiralty,4.0,26.8,29.9,25.0,13.5,54.4
2009-12-22,Admiralty,1.2,26.6,29.8,24.7,12.6,51.1
2009-12-23,Admiralty,4.0,27.1,29.6,25.4,12.6,42.1
2009-12-24,Admiralty,5.6,25.5,26.4,24.8,10.3,33.5
2009-12-25,Admiralty,0.0,27.0,31.0,24.5,6.3,32.4
2009-12-26,Admiralty,5.4,26.0,31.0,24.6,7.2,32.0
2009-12-27,Admiralty,2.2,26.1,29.7,24.5,9.8,37.4
2009-12-28,Admiralty,1.0,26.4,29.0,24.4,8.4,30.2
2009-12-29,Admiralty,0.0,27.0,30.4,25.0,8.6,25.9
2009-12-30,Admiralty,0.0,27.0,30.1,25.1,8.6,25.2
2009-12-31,Admiralty,0.0,27.2,30.6,25.0,10.6,35.6
2010-01-01,Admiralty,6.8,26.9,31.9,25.0,7.2,24.8
2010-01-02,Admiralty,0.6,27.0,31.5,24.5,6.2,24.5
2010-01-03,Admiralty,7.0,27.4,31.7,25.5,8.5,32.0
2010-01-04,Admiralty,0.2,26.1,29.6,23.1,8.7,44.3
2010-01-05,Admiralty,0.0,27.2,33.3,24.4,8.8,33.5
2010-01-06,Admiralty,12.4,27.7,31.7,25.8,9.0,32.4
2010-01-07,Admiralty,2.0,25.7,28.4,22.8,9.3,51.1
2010-01-08,Admiralty,2.8,26.4,30.4,23.9,10.8,45.7
2010-01-09,Admiralty,0.0,26.9,30.6,24.7,11.5,38.5
2010-01-10,Admiralty,0.0,27.0,31.7,24.1,8.1,28.8
2010-01-11,Admiralty,0.0,27.3,31.9,24.1,8.9,29.2
2010-01-12,Admiralty,0.0,27.0,31.7,24.6,9.7,38.9
2010-01-13,Admiralty,0.0,26.7,29.7,25.2,10.4,38.9
2010-01-14,Admiralty,0.0,26.8,29.8,25.1,12.2,43.6
2010-01-15,Admiralty,0.0,26.6,29.8,24.5,12.7,42.8
2010-01-16,Admiralty,0.0,27.0,30.1,24.7,11.6,36.7
2010-01-17,Admiralty,0.0,27.3,31.3,24.6,13.6,37.4
2010-01-18,Admiralty,0.0,26.8,30.8,24.9,12.6,47.5
2010-01-19,Admiralty,0.0,27.1,32.0,24.6,7.5,37.1
2010-01-20,Admiralty,0.2,27.4,33.1,24.8,7.8,29.2
2010-01-21,Admiralty,39.0,27.2,31.3,23.6,9.4,30.6
2010-01-22,Admiralty,24.0,26.2,30.6,21.6,7.9,49.3
2010-01-23,Admiralty,0.0,27.6,31.6,24.8,12.0,34.9
2010-01-24,Admiralty,0.0,27.4,31.6,25.2,12.5,37.4
2010-01-25,Admiralty,0.0,27.3,31.5,24.9,13.0,38.2
2010-01-26,Admiralty,0.0,27.5,31.3,24.9,11.8,37.8
2010-01-27,Admiralty,2.4,27.2,30.0,25.3,12.7,42.8
2010-01-28,Admiralty,4.2,27.3,31.2,25.2,12.2,38.2
2010-01-29,Admiralty,7.2,27.2,31.4,25.1,11.4,37.4
2010-01-30,Admiralty,0.0,27.4,30.8,25.1,11.3,35.3
2010-01-31,Admiralty,0.0,27.7,31.2,25.6,11.2,34.9
2010-02-01,Admiralty,0.0,27.4,32.0,24.8,10.5,37.4
2010-02-02,Admiralty,0.0,27.8,34.6,24.1,9.6,32.4
2010-02-03,Admiralty,0.0,27.9,33.4,25.0,11.8,37.1
2010-02-04,Admiralty,0.0,28.1,32.1,25.6,12.2,37.4
2010-02-05,Admiralty,40.4,26.7,32.5,22.1,8.0,58.7
2010-02-06,Admiralty,0.0,27.9,31.8,25.0,10.2,36.7
2010-02-07,Admiralty,0.0,28.0,32.3,25.4,12.1,35.6
2010-02-08,Admiralty,0.0,28.1,32.5,25.6,11.8,34.9
2010-02-09,Admiralty,0.0,27.7,32.1,25.4,11.7,42.8
2010-02-10,Admiralty,0.0,28.2,31.7,25.7,12.0,40.3
2010-02-11,Admiralty,0.0,28.1,31.6,26.0,12.5,39.6
2010-02-12,Admiralty,0.0,28.4,33.3,25.2,12.1,40.0
2010-02-13,Admiralty,0.0,28.3,32.4,25.6,13.3,44.3
2010-02-14,Admiralty,0.0,28.2,32.2,25.4,11.4,36.4
2010-02-15,Admiralty,0.0,28.0,31.5,26.1,11.0,38.5
2010-02-16,Admiralty,0.0,28.5,32.5,26.0,13.1,41.8
2010-02-17,Admiralty,0.4,28.1,31.8,25.5,12.8,41.8
2010-02-18,Admiralty,2.0,27.7,31.2,25.7,13.8,52.9
2010-02-19,Admiralty,0.0,27.8,31.3,25.1,9.5,30.2
2010-02-20,Admiralty,0.0,27.7,30.8,25.6,10.4,36.7
2010-02-21,Admiralty,41.6,27.5,32.0,24.4,10.4,45.7
2010-02-22,Admiralty,0.0,28.3,32.6,25.5,9.8,39.2
2010-02-23,Admiralty,0.0,28.4,33.8,25.5,11.0,33.5
2010-02-24,Admiralty,0.0,28.5,33.9,25.3,10.9,34.2
2010-02-25,Admiralty,0.0,29.0,35.1,26.3,10.2,33.8
2010-02-26,Admiralty,0.0,28.9,35.3,26.5,9.4,29.9
2010-02-27,Admiralty,0.0,28.8,34.0,26.0,9.6,31.0
2010-02-28,Admiralty,0.0,29.1,34.2,26.2,10.6,32.0
2010-03-01,Admiralty,33.6,28.6,34.3,26.2,9.6,34.2
2010-03-02,Admiralty,0.0,28.8,33.9,25.9,9.7,32.0
2010-03-03,Admiralty,0.0,28.9,35.7,26.1,9.4,32.0
2010-03-04,Admiralty,0.2,28.9,36.6,25.4,9.7,33.8
2010-03-05,Admiralty,0.0,28.7,33.6,26.1,10.7,36.0
2010-03-06,Admiralty,0.0,29.0,36.0,25.6,9.2,29.9
2010-03-07,Admiralty,0.0,29.4,35.2,26.2,9.6,30.6
2010-03-08,Admiralty,42.6,28.4,34.4,24.5,9.1,36.7
2010-03-09,Admiralty,30.2,28.9,35.8,26.1,6.3,31.7
2010-03-10,Admiralty,3.4,27.8,31.0,24.7,11.2,50.0
2010-03-11,Admiralty,0.0,28.1,32.3,25.4,10.3,40.3
2010-03-12,Admiralty,3.6,28.5,32.2,26.6,11.2,37.1
2010-03-13,Admiralty,0.0,28.2,31.0,26.3,8.7,30.6
2010-03-14,Admiralty,9.6,27.5,32.9,26.0,6.9,37.8
2010-03-15,Admiralty,5.4,27.9,32.3,26.0,6.8,37.4
2010-03-16,Admiralty,2.4,27.2,29.1,25.6,8.6,34.2
2010-03-17,Admiralty,0.0,28.6,33.0,25.4,10.6,39.2
2010-03-18,Admiralty,37.8,26.9,31.1,23.5,11.2,60.1
2010-03-19,Admiralty,15.6,26.2,31.3,24.4,10.2,40.0
2010-03-20,Admiralty,8.8,25.0,25.9,24.2,9.1,28.1
2010-03-21,Admiralty,0.2,27.3,32.1,24.5,7.7,31.3
2010-03-22,Admiralty,0.0,27.9,33.1,25.6,8.4,35.6
2010-03-23,Admiralty,4.4,27.9,31.2,24.5,6.1,37.8
2010-03-24,Admiralty,0.0,27.805480514561,34.6,25.1,8.2,26.3
2010-03-25,Admiralty,11.0,27.598257747440307,32.9,24.8,7.9,33.1
2010-03-26,Admiralty,4.4,27.342000421877604,32.5,25.3,6.1,49.7
2010-03-27,Admiralty,0.0,27.100377261112538,32.6,25.5,10.5,36.4
2010-03-28,Admiralty,0.0,26.9370569883848,32.9,25.5,11.4,35.6
2010-03-29,Admiralty,66.6,26.915708326934066,32.82794883746224,24.84226696170801,7.7,37.1
2010-03-30,Admiralty,27.2,27.1,32.1,24.6,5.6,28.8
2010-03-31,Admiralty,0.0,27.5,31.4,25.3,6.9,30.6
2010-04-01,Admiralty,5.0,28.0,32.4,25.1,6.2,50.0
2010-04-02,Admiralty,0.2,28.3,32.1,25.9,6.3,25.9
2010-04-03,Admiralty,58.4,26.9,32.8,24.2,8.7,42.5
2010-04-04,Admiralty,11.4,25.3,27.6,23.2,4.7,38.2
2010-04-05,Admiralty,30.8,27.1,32.7,24.1,7.4,50.0
2010-04-06,Admiralty,0.2,29.2,34.0,25.1,9.1,27.7
2010-04-07,Admiralty,0.0,29.6,33.8,26.4,10.2,33.1
2010-04-08,Admiralty,0.0,29.2,34.3,26.4,8.9,30.2
2010-04-09,Admiralty,10.6,28.9,33.5,26.9,8.5,29.2
2010-04-10,Admiralty,0.0,27.8,30.4,25.6,8.9,39.2
2010-04-11,Admiralty,0.0,29.5,35.6,26.0,7.3,28.4
2010-04-12,Admiralty,10.8,29.6,36.0,25.8,7.6,28.1
2010-04-13,Admiralty,43.4,28.2,34.8,24.0,7.2,36.4
2010-04-14,Admiralty,0.2,28.6,34.4,24.8,9.2,39.6
2010-04-15,Admiralty,37.8,28.6,35.2,24.2,8.1,34.9
2010-04-16,Admiralty,34.4,27.6,32.9,24.9,6.7,40.7
2010-04-17,Admiralty,2.4,27.9,34.8,25.3,7.6,37.4
2010-04-18,Admiralty,0.6,27.5,31.7,25.4,5.9,35.3
2010-04-19,Admiralty,7.0,27.9,33.8,24.2,5.8,44.6
2010-04-20,Admiralty,6.8,27.6,32.4,25.3,7.1,34.6
2010-04-21,Admiralty,0.0,28.4,33.7,23.9,5.1,28.1
2010-04-22,Admiralty,61.0,28.1,34.6,23.1,6.2,31.7
2010-04-23,Admiralty,48.4,28.2,36.1,23.0,5.8,48.2
2010-04-24,Admiralty,1.8,27.7,34.9,25.7,6.1,33.1
2010-04-25,Admiralty,0.0,28.5,32.0,25.8,8.7,34.9
2010-04-26,Admiralty,70.6,26.4,29.3,23.7,6.2,24.5
2010-04-27,Admiralty,0.0,28.5,34.6,25.0,6.1,32.4
2010-04-28,Admiralty,3.6,28.5,34.5,25.6,5.4,39.2
2010-04-29,Admiralty,27.2,28.2,33.7,24.7,6.4,46.1
2010-04-30,Admiralty,0.0,29.3,33.2,25.8,10.0,36.0
2010-05-01,Admiralty,0.0,29.8,35.3,26.8,8.3,27.4
2010-05-02,Admiralty,0.0,29.6,35.1,26.9,9.2,32.8
2010-05-03,Admiralty,45.2,29.1,32.7,25.2,8.0,30.6
2010-05-04,Admiralty,0.0,29.9,35.3,27.1,7.0,41.4
2010-05-05,Admiralty,0.4,29.8,33.8,27.4,8.0,34.6
2010-05-06,Admiralty,0.0,30.1,33.6,27.7,9.4,34.2
2010-05-07,Admiralty,0.0,30.1,36.0,26.6,7.0,36.0
2010-05-08,Admiralty,3.8,29.3,34.4,26.4,6.8,33.1
2010-05-09,Admiralty,32.6,28.0,34.3,24.2,6.1,38.9
2010-05-10,Admiralty,1.6,28.4,34.5,25.6,5.0,29.5
2010-05-11,Admiralty,29.0,28.5,34.2,24.6,5.6,39.2
2010-05-12,Admiralty,0.0,29.2,34.3,26.1,5.8,31.3
2010-05-13,Admiralty,0.8,28.4,34.0,26.6,5.4,38.2
2010-05-14,Admiralty,4.6,28.3,33.0,26.3,4.8,27.7
2010-05-15,Admiralty,0.0,29.0,33.2,25.1,8.6,52.6
2010-05-16,Admiralty,32.0,28.6,36.0,23.2,7.6,41.0
2010-05-17,Admiralty,1.2,27.9,31.3,23.4,8.1,49.7
2010-05-18,Admiralty,2.2,28.6,34.0,26.2,10.4,38.2
2010-05-19,Admiralty,2.4,27.0,29.7,25.0,7.2,43.6
2010-05-20,Admiralty,0.8,28.8,35.0,26.8,4.8,27.4
2010-05-21,Admiralty,0.0,29.4,34.9,26.5,5.1,18.4
2010-05-22,Admiralty,6.4,27.6,29.6,24.7,7.1,36.4
2010-05-23,Admiralty,0.0,29.6,34.4,25.8,5.7,25.9
2010-05-24,Admiralty,0.0,29.5,33.4,26.8,5.4,24.5
2010-05-25,Admiralty,4.6,29.6,34.8,26.5,5.0,27.0
2010-05-26,Admiralty,0.0,30.3,34.5,26.5,5.9,24.8
2010-05-27,Admiralty,0.0,29.5,34.9,26.1,6.0,27.7
2010-05-28,Admiralty,5.4,28.3,33.1,26.0,6.3,34.2
2010-05-29,Admiralty,0.0,28.5,35.0,24.7,5.3,33.1
2010-05-30,Admiralty,3.0,27.6,31.6,25.6,6.6,39.2
2010-05-31,Admiralty,0.8,27.5,30.5,25.0,5.7,23.0
2010-06-01,Admiralty,2.4,28.8,32.5,25.8,4.7,21.6
2010-06-02,Admiralty,0.4,28.2,31.4,25.0,6.9,39.6
2010-06-03,Admiralty,15.0,29.3,34.0,26.1,5.4,35.6
2010-06-04,Admiralty,18.4,27.9,33.4,24.9,5.0,33.5
2010-06-05,Admiralty,0.0,27.6,30.2,25.8,7.7,37.8
2010-06-06,Admiralty,0.2,28.9,31.3,26.7,7.8,41.0
2010-06-07,Admiralty,0.2,28.3,31.4,25.4,8.1,40.7
2010-06-08,Admiralty,1.2,26.7,27.7,26.1,6.0,25.6
2010-06-09,Admiralty,0.0,28.1,33.5,25.6,5.5,27.4
2010-06-10,Admiralty,1.0,27.2,29.5,25.8,7.2,22.7
2010-06-11,Admiralty,0.0,29.2,32.4,26.3,6.8,22.7
2010-06-12,Admiralty,14.6,28.0,32.6,26.1,6.4,25.9
2010-06-13,Admiralty,67.6,27.1,33.0,21.8,5.5,78.8
2010-06-14,Admiralty,30.0,27.4,31.2,24.2,5.6,41.0
2010-06-15,Admiralty,1.0,27.8,32.1,24.6,5.5,30.6
2010-06-16,Admiralty,13.2,25.9,28.4,23.6,6.8,47.5
2010-06-17,Admiralty,0.0,28.0,32.7,24.3,6.0,29.5
2010-06-18,Admiralty,1.6,28.5,30.6,25.9,3.9,27.7
2010-06-19,Admiralty,0.2,28.4,31.9,26.3,5.7,29.2
2010-06-20,Admiralty,0.0,28.4,33.0,24.9,5.6,24.8
2010-06-21,Admiralty,0.0,29.6,32.5,27.9,6.6,28.8
2010-06-22,Admiralty,4.4,28.3,30.5,24.5,7.1,41.0
2010-06-23,Admiralty,71.0,26.4,30.5,23.0,7.9,40.7
2010-06-24,Admiralty,15.6,28.2,31.7,25.1,8.2,33.1
2010-06-25,Admiralty,42.8,26.2,28.2,23.3,11.2,59.0
2010-06-26,Admiralty,2.4,28.6,32.6,25.9,5.0,24.5
2010-06-27,Admiralty,8.6,27.5,30.4,24.0,5.9,40.0
2010-06-28,Admiralty,0.4,28.4,31.5,26.1,5.0,26.3
2010-06-29,Admiralty,0.0,28.7,32.4,25.7,6.6,28.8
2010-06-30,Admiralty,0.0,28.6,32.9,26.2,6.1,25.6
2010-08-01,Admiralty,1.0,25.4,28.2,22.0,10.7,72.7
2010-08-02,Admiralty,0.2,28.2,32.7,25.0,5.5,26.6
2010-08-03,Admiralty,1.2,28.5,32.1,25.0,6.0,28.4
2010-08-04,Admiralty,14.0,27.3,30.6,23.7,7.2,35.3
2010-08-05,Admiralty,0.2,28.4,32.1,25.7,5.1,28.4
2010-08-06,Admiralty,3.2,29.1,32.8,26.9,5.3,26.6
2010-08-07,Admiralty,24.2,27.2,28.7,23.4,5.9,51.5
2010-08-08,Admiralty,0.0,28.6,32.6,25.9,5.7,21.2
2010-08-09,Admiralty,1.0,28.7,32.5,24.4,7.1,35.3
2010-08-10,Admiralty,0.8,28.9,33.0,24.0,7.6,54.4
2010-08-11,Admiralty,15.2,27.0,32.8,22.4,7.1,58.7
2010-08-12,Admiralty,0.0,28.3,32.8,23.8,6.7,28.4
2010-08-13,Admiralty,9.4,28.1,32.9,25.7,7.6,39.2
2010-08-14,Admiralty,1.0,27.1,32.1,24.1,7.4,40.7
2010-08-15,Admiralty,0.6,27.3,29.6,25.4,5.2,24.8
2010-08-16,Admiralty,6.8,26.6,30.2,24.8,4.8,27.7
2010-08-17,Admiralty,22.8,27.2,34.4,24.5,6.2,38.2
2010-08-18,Admiralty,1.0,26.5,28.9,24.7,7.0,31.7
2010-08-19,Admiralty,54.2,26.9,29.9,23.9,5.7,47.9
2010-08-20,Admiralty,7.2,25.6,27.4,23.8,5.9,28.1
2010-08-21,Admiralty,0.0,27.5,32.2,24.3,4.3,19.4
2010-08-22,Admiralty,3.4,28.0,34.3,25.1,5.6,28.8
2010-08-23,Admiralty,24.8,26.6,31.5,23.2,8.0,45.0
2010-08-24,Admiralty,0.2,28.2,33.6,24.3,8.1,36.4
2010-08-25,Admiralty,0.0,28.6,32.4,25.7,6.2,28.8
2010-08-26,Admiralty,0.0,29.5,33.4,25.7,6.3,34.2
2010-08-27,Admiralty,37.6,27.3,30.7,23.0,4.8,35.6
2010-08-28,Admiralty,0.0,28.7,33.1,24.6,8.1,45.4
2010-08-29,Admiralty,1.0,27.8,31.4,25.0,6.0,37.1
2010-08-30,Admiralty,0.4,27.2,31.2,25.7,6.3,42.8
2010-08-31,Admiralty,0.0,28.3,32.7,24.2,6.0,25.6
2010-09-01,Admiralty,0.0,29.1,33.2,26.5,7.4,33.1
2010-09-02,Admiralty,0.0,29.2,32.5,26.9,7.0,31.3
2010-09-03,Admiralty,6.342198365045833,28.9,31.4,27.1,8.2,37.1
2010-09-04,Admiralty,9.0,28.8,32.1,26.2,6.9,24.1
2010-09-05,Admiralty,5.6,26.3,29.2,23.2,7.9,38.2
2010-09-06,Admiralty,12.6,26.4,31.9,23.3,6.3,50.4
2010-09-07,Admiralty,0.0,28.3,33.9,23.9,7.0,25.9
2010-09-08,Admiralty,50.8,26.2,29.8,23.4,5.9,33.1
2010-09-09,Admiralty,0.0,28.5,33.8,25.1,5.6,22.7
2010-09-10,Admiralty,9.0,26.7,30.2,24.1,7.7,30.6
2010-09-11,Admiralty,0.0,28.5,33.2,24.1,6.7,25.2
2010-09-12,Admiralty,0.0,28.2,32.5,25.3,7.9,28.1
2010-09-13,Admiralty,0.0,29.0,33.8,25.1,5.9,25.9
2010-09-14,Admiralty,3.8,29.1,34.3,25.6,7.0,41.8
2010-09-15,Admiralty,8.4,27.5,31.8,23.3,7.4,48.2
2010-09-16,Admiralty,0.0,28.2,31.9,25.2,6.5,28.4
2010-09-17,Admiralty,6.8,26.5,28.2,24.2,6.0,39.2
2010-09-18,Admiralty,0.0,28.0,32.1,25.2,5.2,27.7
2010-09-19,Admiralty,0.0,29.0,34.2,25.3,6.1,26.3
2010-09-20,Admiralty,0.0,28.4,33.8,26.4,5.9,45.4
2010-09-21,Admiralty,0.0,27.7,32.2,25.1,5.6,27.7
2010-09-22,Admiralty,20.8,27.0,32.7,24.2,4.6,47.9
2010-09-23,Admiralty,14.2,26.8,32.5,24.3,5.5,43.2
2010-09-24,Admiralty,7.0,26.7,31.9,24.9,5.9,28.4
2010-09-25,Admiralty,6.2,26.9,29.9,25.0,5.4,27.7
2010-09-26,Admiralty,0.0,28.1,32.5,25.1,4.8,24.1
2010-09-27,Admiralty,13.6,26.5,31.4,24.9,5.2,55.1
2010-09-28,Admiralty,0.8,26.6,30.0,24.2,6.1,22.7
2010-09-29,Admiralty,7.4,27.3,32.3,25.0,7.5,33.5
2010-09-30,Admiralty,4.0,26.5,30.2,25.1,7.5,53.3
2010-10-01,Admiralty,0.2,28.3,32.5,24.9,5.2,23.8
2010-10-02,Admiralty,24.0,28.8,32.4,25.0,5.8,32.4
2010-10-03,Admiralty,0.0,28.2,32.1,24.4,6.9,42.5
2010-10-04,Admiralty,20.0,27.8,31.9,24.3,6.0,47.5
2010-10-05,Admiralty,0.0,28.7,32.9,25.5,7.0,31.3
2010-10-06,Admiralty,0.0,28.2,31.9,25.6,7.5,27.0
2010-10-07,Admiralty,0.2,26.9,29.0,25.4,5.0,26.3
2010-10-08,Admiralty,0.0,28.5,33.1,24.8,6.0,21.2
2010-10-09,Admiralty,0.0,29.6,33.6,26.0,7.8,35.6
2010-10-10,Admiralty,0.0,30.0,32.6,27.9,10.2,39.2
2010-10-11,Admiralty,4.8,29.6,33.0,26.8,7.4,32.4
2010-10-12,Admiralty,6.2,28.4,32.4,25.3,5.7,38.2
2010-10-13,Admiralty,0.4,27.5,30.4,23.8,6.7,45.4
2010-10-14,Admiralty,0.0,29.5,32.2,26.5,8.0,39.6
2010-10-15,Admiralty,0.0,29.8,32.8,27.1,9.0,41.4
2010-10-16,Admiralty,2.6,30.2,33.6,26.8,8.0,40.7
2010-10-17,Admiralty,3.8,28.9,32.5,24.9,5.7,32.0
2010-10-18,Admiralty,0.0,29.0,34.2,26.2,6.0,42.1
2010-10-19,Admiralty,0.0,27.9,30.7,25.7,6.3,34.2
2010-10-20,Admiralty,0.0,28.0,33.6,25.6,6.1,31.3
2010-10-21,Admiralty,0.0,27.8,29.6,25.6,5.3,25.9
2010-10-22,Admiralty,0.0,28.4,31.3,26.7,4.8,17.3
2010-10-23,Admiralty,68.8,26.9,33.6,23.1,7.4,33.5
2010-10-24,Admiralty,6.0,26.1,29.9,23.9,6.3,37.8
2010-10-25,Admiralty,0.6,27.0,29.9,25.5,5.3,19.8
2010-10-26,Admiralty,7.2,27.6,31.2,24.2,9.3,40.0
2010-10-27,Admiralty,0.4,26.2,28.2,23.3,8.8,39.2
2010-10-28,Admiralty,12.4,27.9,31.9,25.1,8.0,31.7
2010-10-29,Admiralty,19.2,27.1,32.0,22.7,9.8,58.3
2010-10-30,Admiralty,1.2,26.9,31.4,22.7,8.6,46.1
2010-10-31,Admiralty,28.2,27.6,30.9,25.1,11.1,37.1
2010-11-01,Admiralty,4.4,27.7,31.1,23.1,15.6,52.9
2010-11-02,Admiralty,0.0,28.0,31.4,24.3,7.5,30.2
2010-11-03,Admiralty,1.2,29.9,34.2,26.9,6.9,32.0
2010-11-04,Admiralty,0.0,28.5,30.8,24.9,5.3,27.4
2010-11-05,Admiralty,0.4,27.9,32.3,25.9,7.2,31.7
2010-11-06,Admiralty,4.8,27.4,32.5,23.8,8.7,34.2
2010-11-07,Admiralty,4.8,26.5,30.7,23.8,9.6,38.9
2010-11-08,Admiralty,4.0,26.9,29.9,24.3,7.8,33.1
2010-11-09,Admiralty,2.8,26.5,28.0,24.2,7.4,33.8
2010-11-10,Admiralty,0.0,28.1,32.1,25.9,7.0,36.4
2010-11-11,Admiralty,1.2,26.7,30.9,25.3,6.7,37.8
2010-11-12,Admiralty,0.0,27.0,30.3,24.9,9.7,36.4
2010-11-13,Admiralty,22.0,27.1,34.4,24.3,7.2,43.9
2010-11-14,Admiralty,16.0,25.5,31.6,23.9,6.3,27.4
2010-11-15,Admiralty,1.4,26.5,29.8,24.2,6.8,28.4
2010-11-16,Admiralty,42.4,26.3,33.3,23.7,6.6,28.1
2010-11-17,Admiralty,16.8,25.7,31.4,24.5,4.9,28.4
2010-11-18,Admiralty,0.0,26.7,31.9,23.8,6.2,36.0
2010-11-19,Admiralty,19.8,27.6,33.1,24.3,5.6,27.4
2010-11-20,Admiralty,5.4,26.3,29.9,24.9,5.0,36.4
2010-11-21,Admiralty,0.4,27.6,32.3,24.4,5.5,22.0
2010-11-22,Admiralty,0.0,28.4,33.3,25.4,6.2,22.3
2010-11-23,Admiralty,22.4,27.5,32.7,25.1,5.6,25.6
2010-11-24,Admiralty,17.4,26.5,32.5,24.4,6.7,40.7
2010-11-25,Admiralty,39.4,25.8,33.3,22.7,8.3,52.2
2010-11-26,Admiralty,2.2,27.0,31.4,23.5,6.3,20.2
2010-11-27,Admiralty,4.8,27.6,33.2,25.0,4.7,38.9
2010-11-28,Admiralty,10.0,27.1,31.3,24.3,5.9,32.4
2010-11-29,Admiralty,63.8,25.8,30.4,23.9,6.1,32.8
2010-11-30,Admiralty,69.4,26.6,32.8,22.7,6.3,43.2
2010-12-01,Admiralty,0.0,27.5,31.3,24.8,5.0,25.9
2010-12-02,Admiralty,36.2,26.7,33.7,22.5,8.6,53.6
2010-12-03,Admiralty,4.0,26.0,31.4,23.5,9.1,53.6
2010-12-04,Admiralty,0.4,26.1,27.6,24.7,8.5,31.0
2010-12-05,Admiralty,0.0,27.5,32.6,24.7,10.3,40.7
2010-12-06,Admiralty,2.0,26.7,32.0,24.8,7.5,32.4
2010-12-07,Admiralty,0.4,27.4,31.7,24.9,7.9,31.0
2010-12-08,Admiralty,0.0,27.2,31.7,25.1,8.6,29.2
2010-12-09,Admiralty,0.0,26.2,28.6,24.9,8.2,37.8
2010-12-10,Admiralty,0.0,27.2,30.7,24.8,4.8,18.4
2010-12-11,Admiralty,0.6,27.7,31.6,25.5,7.2,29.2
2010-12-12,Admiralty,0.0,28.2,32.5,25.2,8.7,39.6
2010-12-13,Admiralty,2.2,27.2,31.1,24.9,8.2,37.8
2010-12-14,Admiralty,0.0,28.0,33.3,24.6,7.6,31.0
2010-12-15,Admiralty,2.6,27.3,32.8,24.5,8.4,31.7
2010-12-16,Admiralty,9.6,25.3,29.2,23.1,7.6,47.9
2010-12-17,Admiralty,4.6,26.0,30.8,23.8,8.6,41.0
2010-12-18,Admiralty,2.4,25.4,29.2,23.6,9.6,50.4
2010-12-19,Admiralty,0.2,26.0,29.7,23.2,9.3,29.9
2010-12-20,Admiralty,0.0,26.6,31.8,24.1,7.2,23.0
2010-12-21,Admiralty,0.0,27.1,31.0,24.2,9.4,26.6
2010-12-22,Admiralty,0.2,26.6,30.6,24.8,8.3,31.0
2010-12-23,Admiralty,0.0,26.2,29.3,24.5,6.5,19.4
2010-12-24,Admiralty,1.0,26.6,30.8,24.2,8.9,34.6
2010-12-25,Admiralty,27.6,26.2,30.2,21.9,7.9,50.8
2010-12-26,Admiralty,0.0,27.0,31.4,23.6,9.6,35.3
2010-12-27,Admiralty,0.0,26.8,30.4,24.6,9.1,28.1
2010-12-28,Admiralty,0.0,25.1,26.0,24.3,9.9,37.4
2010-12-29,Admiralty,8.6,26.1,32.5,23.9,7.6,37.1
2010-12-30,Admiralty,0.2,25.1,26.8,24.3,9.2,38.2
2010-12-31,Admiralty,26.8,25.7,30.6,23.3,8.6,38.5
2011-01-01,Admiralty,4.6,26.6,30.0,24.4,10.5,38.5
2011-01-02,Admiralty,12.4,27.0,30.3,25.1,11.4,34.2
2011-01-03,Admiralty,44.2,25.5,29.2,23.7,8.9,32.0
2011-01-04,Admiralty,0.0,27.0,31.1,24.1,9.9,33.1
2011-01-05,Admiralty,3.8,27.2,32.5,24.7,9.3,38.9
2011-01-06,Admiralty,3.2,25.0,27.6,23.8,8.1,32.4
2011-01-07,Admiralty,0.4,24.6,25.9,23.7,8.9,31.7
2011-01-08,Admiralty,0.6,25.4,29.1,23.4,10.3,49.0
2011-01-09,Admiralty,7.2,25.8,28.5,24.0,9.4,46.8
2011-01-10,Admiralty,17.6,24.6,25.7,23.5,8.5,24.5
2011-01-11,Admiralty,0.2,25.2,27.5,23.3,6.7,31.7
2011-01-12,Admiralty,6.0,26.2,30.9,23.9,6.4,35.6
2011-01-13,Admiralty,0.0,26.7,29.8,24.2,10.1,33.8
2011-01-14,Admiralty,11.4,25.5,29.4,24.0,7.0,31.0
2011-01-15,Admiralty,3.6,26.2,29.9,24.5,7.0,26.6
2011-01-16,Admiralty,0.0,26.2,29.0,24.5,12.5,38.9
2011-01-17,Admiralty,13.8,24.9,29.2,23.3,11.9,43.9
2011-01-18,Admiralty,0.2,25.8,29.0,23.5,11.1,37.1
2011-01-19,Admiralty,0.0,26.4,30.3,23.8,10.9,33.8
2011-01-20,Admiralty,11.4,26.2,31.0,23.3,10.3,28.8
2011-01-21,Admiralty,0.0,26.1,29.8,23.0,11.4,38.5
2011-01-22,Admiralty,0.0,26.7,31.0,23.9,9.7,32.4
2011-01-23,Admiralty,0.0,26.5,29.7,24.5,10.9,37.4
2011-01-24,Admiralty,0.4,27.2,31.3,24.8,10.5,33.1
2011-01-25,Admiralty,6.2,25.7,28.9,23.7,11.0,47.2
2011-01-26,Admiralty,21.2,25.0,27.6,23.7,8.7,38.9
2011-01-27,Admiralty,0.0,26.3,29.1,24.7,13.2,44.3
2011-01-28,Admiralty,42.0,25.5,27.3,24.0,11.2,40.3
2011-01-29,Admiralty,38.6,25.1,27.7,23.4,10.7,48.6
2011-01-30,Admiralty,98.0,23.3,24.2,22.3,5.9,22.7
2011-01-31,Admiralty,28.0,23.5,24.7,22.7,8.5,35.3
2011-02-01,Admiralty,5.2,24.9,27.5,23.2,9.3,38.9
2011-02-02,Admiralty,3.2,25.6,29.8,23.6,11.0,42.1
2011-02-03,Admiralty,0.0,25.9,29.7,23.7,12.2,40.3
2011-02-04,Admiralty,0.0,26.0,30.5,23.8,10.5,34.6
2011-02-05,Admiralty,0.0,26.2,30.4,23.5,11.5,34.2
2011-02-06,Admiralty,0.0,26.2,30.8,23.5,12.1,36.7
2011-02-07,Admiralty,0.0,26.0,30.0,23.0,9.9,30.2
2011-02-08,Admiralty,20.0,26.8,33.1,23.5,9.7,29.5
2011-02-09,Admiralty,0.0,26.9,32.1,24.2,9.8,23.8
2011-02-10,Admiralty,38.0,26.8,34.6,22.3,10.3,42.8
2011-02-11,Admiralty,14.8,26.6,33.4,23.8,9.9,47.9
2011-02-12,Admiralty,1.6,27.0,33.5,24.3,10.0,46.1
2011-02-13,Admiralty,0.0,27.2,32.2,24.5,11.9,40.7
2011-02-14,Admiralty,0.0,27.2,32.3,24.6,12.5,36.7
2011-02-15,Admiralty,9.0,26.7,31.7,24.5,10.0,45.7
2011-02-16,Admiralty,0.4,27.1,30.1,25.0,10.8,35.3
2011-02-17,Admiralty,0.0,27.9,32.6,24.8,10.0,37.4
2011-02-18,Admiralty,10.8,27.0,31.0,24.4,9.5,50.4
2011-02-19,Admiralty,1.2,26.9,30.9,25.0,8.7,40.0
2011-02-20,Admiralty,0.0,27.0,29.7,25.0,8.0,23.4
2011-02-21,Admiralty,0.0,27.3,31.7,24.9,12.6,38.5
2011-02-22,Admiralty,1.0,27.1,32.0,24.3,9.9,29.9
2011-02-23,Admiralty,65.2,26.5,31.2,22.9,11.4,37.1
2011-02-24,Admiralty,11.6,26.6,32.2,24.5,10.9,36.7
2011-02-25,Admiralty,0.0,27.0,31.6,24.2,10.9,34.6
2011-02-26,Admiralty,0.0,27.2,32.2,24.6,11.4,33.5
2011-02-27,Admiralty,0.0,27.0,30.6,24.9,11.7,37.1
2011-02-28,Admiralty,0.0,26.5,31.1,23.5,9.7,35.6
2011-03-01,Admiralty,0.0,27.1,31.1,24.6,8.2,28.8
2011-03-02,Admiralty,0.0,27.4,32.5,24.9,9.2,31.0
2011-03-03,Admiralty,24.6,26.5,31.2,24.2,10.0,31.0
2011-03-04,Admiralty,15.4,25.8,32.0,22.2,8.8,55.1
2011-03-05,Admiralty,20.2,26.9,33.3,24.0,8.7,52.2
2011-03-06,Admiralty,0.0,27.1,32.7,25.2,6.8,36.4
2011-03-07,Admiralty,1.0,27.3,32.7,24.7,7.4,33.5
2011-03-08,Admiralty,0.0,26.2,30.2,23.7,7.0,38.2
2011-03-09,Admiralty,0.0,26.2,30.7,24.3,9.7,38.9
2011-03-10,Admiralty,25.8,25.1,28.9,23.8,7.8,30.2
2011-03-11,Admiralty,0.2,24.4,26.0,22.6,7.7,22.7
2011-03-12,Admiralty,7.6,26.0,30.1,23.1,8.8,33.5
2011-03-13,Admiralty,0.2,27.3,31.0,24.7,9.9,37.4
2011-03-14,Admiralty,19.2,25.6,29.8,23.6,7.6,42.1
2011-03-15,Admiralty,15.4,26.0,32.6,23.4,7.3,44.6
2011-03-16,Admiralty,7.0,26.8,31.2,24.3,7.7,46.8
2011-03-17,Admiralty,1.8,25.5,27.6,22.2,7.1,40.3
2011-03-18,Admiralty,0.0,27.1,30.6,24.7,10.0,34.6
2011-03-19,Admiralty,4.2,26.7,30.9,25.1,7.7,33.8
2011-03-20,Admiralty,15.4,26.3,31.1,24.3,5.2,30.2
2011-03-21,Admiralty,10.6,27.1,31.7,24.6,5.7,30.6
2011-03-22,Admiralty,0.8,25.4,26.7,23.2,8.6,38.9
2011-03-23,Admiralty,0.4,27.3,33.0,24.8,7.7,31.0
2011-03-24,Admiralty,0.4,27.8,32.1,24.9,8.3,42.8
2011-03-25,Admiralty,0.0,28.7,31.8,25.7,9.3,39.6
2011-03-26,Admiralty,0.0,28.6,31.2,26.2,12.5,49.3
2011-03-27,Admiralty,7.0,27.9,34.7,25.1,7.4,29.5
2011-03-28,Admiralty,1.2,27.2,32.3,25.0,8.9,35.3
2011-03-29,Admiralty,0.0,28.4,32.2,24.8,9.0,39.6
2011-03-30,Admiralty,0.0,28.6,32.5,25.0,12.0,54.7
2011-03-31,Admiralty,0.0,27.7,32.0,25.5,8.2,34.6
2011-05-01,Admiralty,4.2,27.1,30.3,25.4,4.7,15.1
2011-05-02,Admiralty,0.2,25.9,27.1,24.3,7.6,40.0
2011-05-03,Admiralty,7.0,27.8,34.5,25.0,6.2,42.5
2011-05-04,Admiralty,6.2,27.3,33.4,25.2,5.7,32.8
2011-05-05,Admiralty,0.0,28.4,33.7,25.4,7.8,37.8
2011-05-06,Admiralty,0.0,29.7,35.5,26.0,6.5,23.8
2011-05-07,Admiralty,0.0,30.1,34.7,27.2,8.3,30.6
2011-05-08,Admiralty,0.0,30.4,34.2,26.4,7.8,35.3
2011-05-09,Admiralty,0.0,30.6,34.1,28.3,7.9,28.1
2011-05-10,Admiralty,0.0,29.6,32.8,25.6,6.2,35.3
2011-05-11,Admiralty,5.4,29.4,33.8,27.1,7.4,34.2
2011-05-12,Admiralty,22.2,27.4,29.8,25.2,6.8,26.6
2011-05-13,Admiralty,0.4,28.1,34.8,25.9,5.8,38.2
2011-05-14,Admiralty,3.0,28.0,31.1,26.3,5.5,32.8
2011-05-15,Admiralty,0.0,28.7,33.7,25.3,7.2,27.7
2011-05-16,Admiralty,0.4,27.8,32.6,25.7,5.9,31.3
2011-05-17,Admiralty,27.0,27.5,33.1,25.4,4.9,41.8
2011-05-18,Admiralty,0.0,27.4,33.7,25.1,5.5,31.3
2011-05-19,Admiralty,16.2,27.3,31.8,25.2,5.8,37.8
2011-05-20,Admiralty,54.2,27.4,33.4,22.4,4.8,45.4
2011-05-21,Admiralty,1.0,27.1,29.5,25.0,4.6,32.4
2011-05-22,Admiralty,3.0,28.7,32.3,25.9,6.5,28.4
2011-05-23,Admiralty,0.2,29.1,33.3,24.5,6.5,34.9
2011-05-24,Admiralty,0.0,28.9,33.4,25.5,6.0,24.1
2011-05-25,Admiralty,2.2,28.0,31.1,25.2,7.6,29.9
2011-05-26,Admiralty,0.0,28.2,33.1,25.0,6.8,33.8
2011-05-27,Admiralty,0.0,28.0,30.2,26.1,7.2,33.1
2011-05-28,Admiralty,0.0,28.6,32.1,26.5,6.7,29.9
2011-05-29,Admiralty,0.0,28.1,31.4,26.2,4.6,25.2
2011-05-30,Admiralty,0.0,28.8,31.6,25.9,5.8,30.2
2011-05-31,Admiralty,0.2,27.8,33.3,25.7,6.2,41.4
2011-06-01,Admiralty,0.8,26.9,32.8,25.1,5.3,28.1
2011-06-02,Admiralty,2.4,27.5,33.3,24.7,5.3,34.9
2011-06-03,Admiralty,0.0,28.3,32.4,25.9,5.3,27.4
2011-06-04,Admiralty,0.6,28.3,31.9,26.3,5.7,28.8
2011-06-05,Admiralty,30.6,26.2,28.1,23.9,4.5,34.6
2011-06-06,Admiralty,0.4,26.4,28.8,24.4,5.9,41.0
2011-06-07,Admiralty,0.0,29.2,33.0,25.8,5.3,29.9
2011-06-08,Admiralty,11.2,29.4,33.6,24.3,6.3,34.9
2011-06-09,Admiralty,0.0,26.8,29.4,23.3,5.2,38.2
2011-06-10,Admiralty,0.0,29.0,32.3,26.8,5.9,23.4
2011-06-11,Admiralty,0.6,26.9,29.2,24.9,5.5,25.9
2011-06-12,Admiralty,0.8,27.9,32.9,25.2,5.7,29.2
2011-06-13,Admiralty,12.2,27.3,31.2,24.4,5.6,41.8
2011-06-14,Admiralty,0.0,28.0,31.0,25.4,5.4,24.5
2011-06-15,Admiralty,5.2,29.0,33.4,26.1,5.6,24.5
2011-06-16,Admiralty,0.0,27.4,32.2,22.3,9.2,48.6
2011-06-17,Admiralty,15.8,28.8,31.5,26.8,7.1,26.3
2011-06-18,Admiralty,0.0,27.1,29.2,22.7,6.4,60.8
2011-06-19,Admiralty,0.0,28.8,32.1,26.1,7.0,32.4
2011-06-20,Admiralty,0.0,29.2,32.4,27.0,6.5,25.9
2011-06-21,Admiralty,0.0,29.4,33.2,27.4,6.3,23.8
2011-06-22,Admiralty,30.0,29.2,32.4,27.4,6.1,27.4
2011-06-23,Admiralty,0.0,27.1,30.2,23.1,6.8,41.4
2011-06-24,Admiralty,0.0,29.1,32.8,26.5,6.8,24.8
2011-06-25,Admiralty,0.4,28.4,30.3,25.7,6.5,42.8
2011-06-26,Admiralty,0.0,28.8,31.9,27.2,6.9,36.7
2011-06-27,Admiralty,0.2,28.9,32.2,26.5,5.1,29.5
2011-06-28,Admiralty,0.0,28.4,30.5,26.0,5.8,45.7
2011-06-29,Admiralty,7.2,27.6,31.5,25.8,6.4,39.6
2011-06-30,Admiralty,10.2,25.3,26.7,23.4,5.6,26.3
2011-07-01,Admiralty,0.0,28.1,32.0,24.2,6.9,27.7
2011-07-02,Admiralty,0.0,28.7,33.2,26.6,6.7,26.3
2011-07-03,Admiralty,1.8,27.6,32.1,25.7,5.5,22.7
2011-07-04,Admiralty,0.0,28.4,32.6,24.3,6.6,25.9
2011-07-05,Admiralty,5.4,29.2,32.7,24.7,7.8,28.1
2011-07-06,Admiralty,0.0,29.3,33.5,27.2,9.2,29.9
2011-07-07,Admiralty,0.0,29.2,33.0,27.3,7.1,22.0
2011-07-08,Admiralty,0.0,29.0,32.5,25.8,6.5,26.3
2011-07-09,Admiralty,0.0,29.1,32.3,26.9,6.4,30.2
2011-07-10,Admiralty,0.6,28.2,33.0,25.7,6.1,50.4
2011-07-11,Admiralty,18.4,28.7,32.3,25.3,5.7,25.6
2011-07-12,Admiralty,0.0,27.6,31.2,23.0,7.9,50.4
2011-07-13,Admiralty,0.0,29.4,32.8,26.7,6.5,28.4
2011-07-14,Admiralty,0.0,29.3,32.5,27.4,7.7,28.1
2011-07-15,Admiralty,16.4,26.8,30.0,23.5,6.8,38.5
2011-07-16,Admiralty,0.0,26.6,30.6,23.3,9.1,33.5
2011-07-17,Admiralty,0.0,28.8,32.5,26.3,6.3,30.2
2011-07-18,Admiralty,0.0,29.0,32.4,26.6,6.4,25.9
2011-07-19,Admiralty,0.0,29.1,32.5,26.7,7.6,31.3
2011-07-20,Admiralty,0.0,29.2,32.7,26.9,7.0,27.4
2011-07-21,Admiralty,0.0,29.1,32.9,26.7,6.5,24.1
2011-07-22,Admiralty,0.8,27.0,30.1,23.4,8.3,59.8
2011-07-23,Admiralty,0.0,28.3,32.4,24.3,5.8,25.6
2011-07-24,Admiralty,13.4,29.1,33.1,26.6,6.9,29.5
2011-07-25,Admiralty,0.0,27.5,30.8,22.6,6.7,40.0
2011-07-26,Admiralty,0.0,28.5,31.8,26.0,6.2,24.8
2011-07-27,Admiralty,6.8,28.1,32.0,22.7,6.6,49.7
2011-07-28,Admiralty,0.2,28.5,31.9,26.6,8.0,33.8
2011-07-29,Admiralty,0.0,29.0,32.1,26.9,7.4,35.3
2011-07-30,Admiralty,0.0,29.0,31.9,27.1,9.6,32.4
2011-07-31,Admiralty,0.0,28.8,31.4,27.1,9.7,33.8
2011-08-01,Admiralty,0.0,28.9,32.6,26.7,9.3,32.8
2011-08-02,Admiralty,0.0,29.2,32.8,26.8,7.0,27.7
2011-08-03,Admiralty,9.6,28.1,31.6,24.1,6.9,48.2
2011-08-04,Admiralty,18.4,25.7,27.7,23.9,6.5,27.7
2011-08-05,Admiralty,0.0,27.9,32.0,24.6,8.2,28.8
2011-08-06,Admiralty,0.0,28.8,33.8,26.7,7.9,31.7
2011-08-07,Admiralty,16.4,26.1,27.9,22.4,8.5,49.3
2011-08-08,Admiralty,0.0,28.4,32.4,24.9,5.4,28.8
2011-08-09,Admiralty,0.0,28.9,32.6,27.0,8.7,33.1
2011-08-10,Admiralty,0.0,28.6,33.5,26.7,7.3,29.5
2011-08-11,Admiralty,0.0,28.6,32.8,25.0,6.2,26.6
2011-08-12,Admiralty,0.0,28.8,33.8,26.6,10.6,44.6
2011-08-13,Admiralty,0.0,28.0,32.6,25.0,8.7,42.8
2011-08-14,Admiralty,38.6,27.5,32.7,23.3,6.3,42.1
2011-08-15,Admiralty,34.6,25.4,27.4,23.2,6.1,33.8
2011-08-16,Admiralty,0.0,27.5,33.0,23.8,7.3,34.9
2011-08-17,Admiralty,6.0,27.9,32.4,25.5,5.5,32.4
2011-08-18,Admiralty,0.0,28.0,33.4,24.5,6.9,33.5
2011-08-19,Admiralty,0.0,28.8,32.6,25.4,8.1,39.6
2011-08-20,Admiralty,2.0,27.3,31.0,25.1,8.7,32.4
2011-08-21,Admiralty,0.0,28.1,32.0,24.5,7.2,29.9
2011-08-22,Admiralty,0.0,28.4,32.4,26.8,6.7,40.0
2011-08-23,Admiralty,1.6,27.9,31.2,25.4,6.6,38.2
2011-08-24,Admiralty,0.0,29.0,33.0,26.1,7.0,28.1
2011-08-25,Admiralty,28.8,27.9,30.2,25.8,6.9,42.5
2011-08-26,Admiralty,0.8,25.9,28.1,23.6,6.1,33.1
2011-08-27,Admiralty,5.8,25.3,27.6,24.4,6.4,38.5
2011-08-28,Admiralty,0.0,27.9,31.5,25.3,6.4,26.3
2011-08-29,Admiralty,9.4,26.4,29.2,23.2,5.9,45.0
2011-08-30,Admiralty,0.0,27.1,30.9,25.1,6.9,38.5
2011-08-31,Admiralty,0.0,27.9,31.7,24.6,6.5,27.7
2011-09-01,Admiralty,0.0,28.9,32.4,25.9,8.0,36.0
2011-09-02,Admiralty,0.0,29.0,32.6,25.5,7.9,34.6
2011-09-03,Admiralty,5.2,28.0,31.3,25.0,5.7,29.5
2011-09-04,Admiralty,0.0,28.5,32.1,25.8,8.1,35.6
2011-09-05,Admiralty,0.0,28.7,31.9,26.2,6.4,36.0
2011-09-06,Admiralty,0.0,28.9,33.3,25.1,8.4,33.5
2011-09-07,Admiralty,0.0,28.5,32.6,26.0,6.6,29.9
2011-09-08,Admiralty,0.0,28.1,31.2,25.3,6.4,35.3
2011-09-09,Admiralty,0.0,28.8,31.3,27.2,9.1,31.3
2011-09-10,Admiralty,3.0,26.6,31.4,23.8,8.8,58.7
2011-09-11,Admiralty,0.4,27.1,30.3,23.5,6.5,36.4
2011-09-12,Admiralty,0.0,28.3,31.8,25.6,5.0,23.4
2011-09-13,Admiralty,4.2,28.5,33.0,25.6,10.8,39.6
2011-09-14,Admiralty,22.0,27.1,31.7,22.8,7.0,48.6
2011-09-15,Admiralty,0.0,27.4,31.5,24.6,6.1,23.8
2011-09-16,Admiralty,0.0,27.8,31.3,24.7,6.7,28.1
2011-09-17,Admiralty,6.2,26.9,30.9,25.0,4.4,33.1
2011-09-18,Admiralty,37.4,26.1,31.4,23.8,5.4,43.9
2011-09-19,Admiralty,3.8,26.5,30.1,24.2,6.5,27.0
2011-09-20,Admiralty,49.2,25.8,28.1,23.5,5.5,39.6
2011-09-21,Admiralty,10.4,26.6,31.1,24.2,6.0,33.1
2011-09-22,Admiralty,8.0,25.4,27.7,22.3,7.5,43.6
2011-09-23,Admiralty,0.0,28.4,33.0,24.8,6.1,25.2
2011-09-24,Admiralty,0.0,28.8,32.7,26.8,6.4,27.0
2011-09-25,Admiralty,42.6,28.9,33.4,25.1,5.3,24.5
2011-09-26,Admiralty,0.0,26.8,30.3,22.0,8.3,46.1
2011-09-27,Admiralty,5.8,27.9,31.3,25.3,6.8,62.6
2011-09-28,Admiralty,2.2,27.7,32.5,22.1,8.2,60.8
2011-09-29,Admiralty,7.8,28.8,32.4,23.9,6.6,38.2
2011-09-30,Admiralty,3.0,27.2,31.4,22.4,10.0,63.7
2011-10-01,Admiralty,24.8,27.8,31.3,24.1,4.5,25.2
2011-10-02,Admiralty,0.0,27.4,32.5,23.0,6.6,40.3
2011-10-03,Admiralty,46.4,29.1,33.2,25.4,5.1,22.0
2011-10-04,Admiralty,15.8,25.1,28.3,22.2,6.6,53.6
2011-10-05,Admiralty,0.0,26.9,30.6,24.1,6.4,39.6
2011-10-06,Admiralty,5.2,27.4,32.3,24.8,6.9,25.6
2011-10-07,Admiralty,104.4,26.6,31.7,24.1,6.7,32.0
2011-10-08,Admiralty,23.6,26.6,29.9,24.5,6.1,37.8
2011-10-09,Admiralty,0.0,26.8,30.4,22.9,8.6,40.3
2011-10-10,Admiralty,2.0,27.6,31.4,24.5,6.0,29.2
2011-10-11,Admiralty,15.2,25.8,27.1,23.5,6.3,44.3
2011-10-12,Admiralty,0.2,26.0,30.1,24.5,5.4,39.6
2011-10-13,Admiralty,0.0,28.1,32.8,24.4,6.4,23.4
2011-10-14,Admiralty,0.0,28.6,33.3,26.0,8.3,30.6
2011-10-15,Admiralty,0.0,28.9,32.8,25.7,9.6,36.0
2011-10-16,Admiralty,0.0,28.7,31.8,26.3,10.5,28.8
2011-10-17,Admiralty,1.0,28.3,31.5,26.7,10.6,33.1
2011-10-18,Admiralty,12.4,26.9,31.6,24.8,6.9,32.4
2011-10-19,Admiralty,11.0,26.1,31.6,23.9,5.5,39.2
2011-10-20,Admiralty,2.4,25.6,31.5,23.5,7.4,27.4
2011-10-21,Admiralty,30.2,26.0,30.5,23.5,6.0,25.9
2011-10-22,Admiralty,15.2,26.3,32.0,24.4,5.3,25.6
2011-10-23,Admiralty,1.6,27.2,29.9,24.8,8.4,29.2
2011-10-24,Admiralty,1.8,28.1,31.9,25.6,8.9,33.1
2011-10-25,Admiralty,8.2,27.2,31.8,25.0,5.2,31.3
2011-10-26,Admiralty,11.4,26.3,31.5,24.3,6.1,28.8
2011-10-27,Admiralty,30.6,25.6,31.3,24.0,5.4,21.6
2011-10-28,Admiralty,6.8,27.1,31.2,24.2,5.9,26.3
2011-10-29,Admiralty,7.2,27.3,30.6,23.8,8.2,33.1
2011-10-30,Admiralty,0.0,28.4,32.5,25.0,8.4,36.7
2011-10-31,Admiralty,78.2,26.2,30.6,23.4,5.9,39.2
2011-11-01,Admiralty,0.0,27.0,32.7,24.6,7.3,50.8
2011-11-02,Admiralty,3.8,26.4,29.9,24.3,6.8,44.6
2011-11-03,Admiralty,3.8,26.5,29.3,24.9,6.8,23.4
2011-11-04,Admiralty,0.6,25.8,27.6,23.6,8.5,37.1
2011-11-05,Admiralty,13.8,27.4,30.4,24.8,7.0,31.7
2011-11-06,Admiralty,0.2,27.1,29.6,24.2,6.3,27.0
2011-11-07,Admiralty,0.0,28.0,31.6,24.8,10.4,43.2
2011-11-08,Admiralty,2.8,27.2,28.8,25.6,7.9,32.4
2011-11-09,Admiralty,0.2,27.8,31.1,25.3,9.0,39.6
2011-11-10,Admiralty,2.4,28.2,34.4,25.2,7.0,27.7
2011-11-11,Admiralty,5.4,27.3,32.3,25.3,7.4,29.5
2011-11-12,Admiralty,12.8,25.5,30.8,23.1,6.7,33.8
2011-11-13,Admiralty,55.8,26.2,33.3,22.7,6.2,37.1
2011-11-14,Admiralty,10.0,26.2,32.8,23.8,7.2,38.2
2011-11-15,Admiralty,0.4,26.9,31.4,24.4,8.6,27.0
2011-11-16,Admiralty,1.0,26.8,31.9,24.6,6.5,28.4
2011-11-17,Admiralty,13.0,27.3,34.5,23.9,7.0,48.6
2011-11-18,Admiralty,1.2,26.1,30.1,24.2,5.4,24.8
2011-11-19,Admiralty,12.4,27.2,33.4,24.1,6.0,43.9
2011-11-20,Admiralty,11.0,26.4,31.3,23.7,7.5,31.3
2011-11-21,Admiralty,0.0,26.9,31.0,24.3,7.5,31.3
2011-11-22,Admiralty,0.0,27.3,30.8,24.9,8.7,33.5
2011-11-23,Admiralty,47.0,25.8,30.2,23.5,6.7,26.6
2011-11-24,Admiralty,6.2,26.4,31.2,24.3,8.3,32.8
2011-11-25,Admiralty,0.0,27.4,31.4,25.3,9.3,33.1
2011-11-26,Admiralty,9.4,26.8,30.6,25.4,7.4,33.8
2011-11-27,Admiralty,6.4,27.1,32.4,25.5,6.5,34.9
2011-11-28,Admiralty,17.2,26.6,32.9,24.8,5.4,34.6
2011-11-29,Admiralty,38.2,26.4,32.8,24.2,6.2,33.8
2011-11-30,Admiralty,13.6,26.9,31.5,25.0,7.8,39.2
2011-12-01,Admiralty,6.0,26.5,28.8,24.8,9.4,34.9
2011-12-02,Admiralty,6.2,25.4,26.6,23.7,6.4,25.6
2011-12-03,Admiralty,43.4,25.9,33.1,22.6,8.0,39.6
2011-12-04,Admiralty,20.8,26.2,32.2,24.0,5.9,32.4
2011-12-05,Admiralty,0.0,25.9,29.1,23.5,8.3,23.8
2011-12-06,Admiralty,4.6,27.7,33.6,24.4,6.9,23.8
2011-12-07,Admiralty,4.6,26.8,32.9,24.7,7.3,25.6
2011-12-08,Admiralty,21.0,26.7,32.3,23.8,8.0,38.5
2011-12-09,Admiralty,3.6,26.6,32.1,24.4,7.5,30.2
2011-12-10,Admiralty,0.2,27.2,30.4,24.9,10.8,36.4
2011-12-11,Admiralty,3.0,25.0,26.6,22.9,7.2,27.7
2011-12-12,Admiralty,10.6,25.5,29.5,23.4,7.4,24.1
2011-12-13,Admiralty,0.2,26.7,30.6,24.6,11.7,40.3
2011-12-14,Admiralty,3.4,27.1,31.2,24.9,7.5,41.0
2011-12-15,Admiralty,0.2,27.3,30.5,25.3,7.1,36.4
2011-12-16,Admiralty,18.0,26.8,30.9,24.9,7.9,36.0
2011-12-17,Admiralty,25.4,25.7,28.4,24.3,9.3,52.2
2011-12-18,Admiralty,45.8,25.3,28.3,24.1,8.0,47.9
2011-12-19,Admiralty,54.8,24.6,26.1,23.9,9.2,29.5
2011-12-20,Admiralty,5.2,25.7,27.7,24.1,8.6,34.2
2011-12-21,Admiralty,0.2,26.6,29.1,24.4,8.2,29.2
2011-12-22,Admiralty,1.4,25.2,26.5,24.4,6.9,27.4
2011-12-23,Admiralty,47.2,25.3,28.0,24.2,7.3,35.6
2011-12-24,Admiralty,12.0,25.6,27.4,24.8,8.4,42.1
2011-12-25,Admiralty,3.0,25.6,27.7,24.0,13.1,45.4
2011-12-26,Admiralty,0.0,26.4,28.7,25.1,14.6,41.8
2011-12-27,Admiralty,4.8,26.5,30.5,25.0,11.8,40.3
2011-12-28,Admiralty,2.8,25.5,27.0,24.5,9.1,35.3
2011-12-29,Admiralty,0.0,25.5,27.8,24.2,9.2,32.4
2011-12-30,Admiralty,0.0,26.6,30.4,24.2,10.4,31.7
2011-12-31,Admiralty,0.0,27.8,33.7,24.5,9.1,26.3
2012-02-01,Admiralty,0.0,26.8,29.8,24.8,12.9,40.7
2012-02-02,Admiralty,17.2,25.3,29.7,23.5,9.4,35.3
2012-02-03,Admiralty,0.4,24.9,27.2,24.2,7.4,26.3
2012-02-04,Admiralty,0.2,25.9,28.4,23.7,12.5,40.0
2012-02-05,Admiralty,0.8,26.9,30.6,24.5,10.1,31.7
2012-02-06,Admiralty,0.4,26.9,31.6,24.6,9.5,36.0
2012-02-07,Admiralty,0.0,27.1,32.0,24.1,9.1,36.4
2012-02-08,Admiralty,0.0,27.3,32.4,23.8,10.2,30.6
2012-02-09,Admiralty,0.0,26.7,31.5,23.6,11.3,32.0
2012-02-10,Admiralty,0.0,27.1,31.5,24.1,13.3,39.2
2012-02-11,Admiralty,0.0,27.4,32.2,24.7,12.8,43.6
2012-02-12,Admiralty,1.4,27.2,31.2,25.1,12.3,34.6
2012-02-13,Admiralty,0.4,26.5,29.8,24.9,11.8,36.4
2012-02-14,Admiralty,0.0,27.3,31.5,24.8,9.9,30.2
2012-02-15,Admiralty,0.4,26.8,33.4,24.4,7.5,41.0
2012-02-16,Admiralty,4.2,27.2,33.0,24.4,8.2,40.0
2012-02-17,Admiralty,46.8,26.6,33.5,22.9,6.5,36.0
2012-02-18,Admiralty,24.2,25.1,28.2,23.0,7.5,45.7
2012-02-19,Admiralty,0.2,25.9,31.4,22.2,7.4,36.4
2012-02-20,Admiralty,16.4,26.2,30.8,24.5,9.6,29.9
2012-02-21,Admiralty,0.0,26.5,29.4,24.7,9.5,31.0
2012-02-22,Admiralty,0.0,27.1,31.4,24.7,10.2,32.4
2012-02-23,Admiralty,0.0,28.1,32.9,25.3,10.2,29.2
2012-02-24,Admiralty,0.0,28.1,32.6,25.6,10.4,34.6
2012-02-25,Admiralty,0.0,27.9,33.5,25.3,9.2,29.2
2012-02-26,Admiralty,0.4,27.5,32.2,25.4,9.2,32.4
2012-02-27,Admiralty,0.0,27.4,30.9,25.4,7.4,27.0
2012-02-28,Admiralty,0.0,27.8,33.1,24.7,9.9,37.1
2012-02-29,Admiralty,0.0,27.1,32.2,25.2,9.0,34.6
2012-03-01,Admiralty,9.2,26.4,32.6,24.3,6.3,54.0
2012-03-02,Admiralty,8.6,25.2,28.2,23.8,6.3,32.8
2012-03-03,Admiralty,0.2,26.9,30.9,24.2,6.3,27.4
2012-03-04,Admiralty,0.4,28.1,33.4,25.5,6.5,22.7
2012-03-05,Admiralty,11.6,25.5,28.3,21.6,6.9,55.1
2012-03-06,Admiralty,0.8,27.8,32.3,24.7,7.0,27.7
2012-03-07,Admiralty,11.8,27.3,31.6,25.4,5.6,40.7
2012-03-08,Admiralty,37.6,26.8,30.6,24.0,9.8,35.3
2012-03-09,Admiralty,0.0,26.5,29.4,23.3,6.9,50.8
2012-03-10,Admiralty,4.2,27.4,31.7,24.9,7.6,25.2
2012-03-11,Admiralty,10.6,26.4,30.7,24.3,8.9,46.8
2012-03-12,Admiralty,0.0,25.3,27.0,24.4,12.4,40.3
2012-03-13,Admiralty,26.0,26.1,30.5,24.1,8.5,41.0
2012-03-14,Admiralty,11.8,24.4,26.0,23.1,6.6,27.0
2012-03-15,Admiralty,0.0,26.4,30.1,24.1,8.9,34.9
2012-03-16,Admiralty,0.0,28.0,32.5,24.9,9.0,31.3
2012-03-17,Admiralty,2.4,27.7,32.4,24.7,7.0,24.1
2012-03-18,Admiralty,14.2,26.8,32.0,23.5,6.8,42.1
2012-03-19,Admiralty,0.8,27.5,30.9,25.1,6.3,15.5
2012-03-20,Admiralty,0.0,27.8,30.8,25.4,6.8,19.8
2012-03-21,Admiralty,66.8,27.4,33.1,21.9,8.0,86.8
2012-03-22,Admiralty,0.0,27.5,32.9,25.1,7.0,35.3
2012-03-23,Admiralty,0.0,27.6,34.3,24.9,7.3,31.0
2012-03-24,Admiralty,0.0,27.7,33.3,24.6,7.2,29.2
2012-03-25,Admiralty,18.0,26.8,32.8,23.0,8.7,51.8
2012-03-26,Admiralty,2.4,27.0,30.7,24.9,7.9,40.0
2012-03-27,Admiralty,6.6,27.3,32.4,24.3,6.4,31.7
2012-03-28,Admiralty,0.0,27.0,30.6,25.5,5.3,32.0
2012-03-29,Admiralty,0.0,27.3,33.7,25.2,7.0,32.0
2012-03-30,Admiralty,25.2,26.8,30.3,24.9,7.0,29.5
2012-03-31,Admiralty,5.2,25.7,28.7,23.1,11.7,39.6
2012-04-01,Admiralty,13.4,28.4,33.2,24.8,7.5,31.3
2012-04-02,Admiralty,2.8,27.1,30.2,22.8,8.0,45.7
2012-04-03,Admiralty,7.0,27.8,31.3,25.7,5.3,28.4
2012-04-04,Admiralty,3.0,27.2,32.9,23.2,8.8,41.8
2012-04-05,Admiralty,5.8,27.5,33.3,24.9,6.5,25.6
2012-04-06,Admiralty,33.2,26.2,30.2,23.2,5.3,40.0
2012-04-07,Admiralty,40.0,26.4,33.0,24.1,5.2,43.6
2012-04-08,Admiralty,17.4,26.7,31.6,24.8,6.3,31.3
2012-04-09,Admiralty,21.2,26.1,30.3,24.2,6.5,35.3
2012-04-10,Admiralty,93.0,26.1,34.4,22.4,6.9,72.4
2012-04-11,Admiralty,0.2,26.7,30.9,24.1,6.0,26.3
2012-04-12,Admiralty,12.8,27.4,30.5,23.3,4.8,45.0
2012-04-13,Admiralty,0.0,29.1,33.9,25.2,5.8,21.2
2012-04-14,Admiralty,32.4,26.9,32.4,23.6,6.4,43.9
2012-04-15,Admiralty,0.0,27.7,32.4,23.9,6.1,22.0
2012-04-16,Admiralty,2.6,27.2,34.2,25.4,5.5,29.9
2012-04-17,Admiralty,0.0,27.4,31.9,24.8,5.9,25.9
2012-04-18,Admiralty,30.8,28.3,33.5,23.7,5.4,31.3
2012-04-19,Admiralty,0.6,26.3,31.5,24.5,5.9,23.0
2012-04-20,Admiralty,7.0,28.6,32.4,25.1,6.7,25.6
2012-04-21,Admiralty,10.4,26.7,29.4,24.4,10.8,40.3
2012-04-22,Admiralty,0.6,28.2,33.4,24.5,6.8,38.5
2012-04-23,Admiralty,0.4,27.9,33.9,24.9,5.4,25.2
2012-04-24,Admiralty,0.0,26.9,31.0,25.3,7.0,25.2
2012-04-25,Admiralty,0.0,28.4,32.6,26.0,6.4,28.1
2012-04-26,Admiralty,3.4,28.9,31.9,26.6,10.1,38.5
2012-04-27,Admiralty,0.0,29.3,33.5,24.7,7.0,39.6
2012-04-28,Admiralty,0.0,29.2,32.9,26.8,5.8,27.4
2012-04-29,Admiralty,0.0,28.6,33.2,26.6,5.4,28.1
2012-04-30,Admiralty,1.4,28.2,33.4,25.1,6.6,37.4
2012-05-01,Admiralty,20.6,27.6,33.4,25.0,5.6,29.5
2012-05-02,Admiralty,6.4,26.7,29.8,24.5,6.7,32.0
2012-05-03,Admiralty,0.0,28.4,31.8,25.7,8.7,25.2
2012-05-04,Admiralty,131.4,29.0,31.9,26.7,6.3,27.0
2012-05-05,Admiralty,0.4,26.7,30.4,21.9,8.0,75.2
2012-05-06,Admiralty,36.0,26.4,32.9,22.8,5.5,64.8
2012-05-07,Admiralty,0.2,25.6,27.7,22.6,6.8,63.0
2012-05-08,Admiralty,30.8,29.1,33.1,25.2,6.6,28.8
2012-05-09,Admiralty,4.6,27.2,34.6,22.9,6.2,55.1
2012-05-10,Admiralty,10.2,27.4,34.0,24.4,6.2,38.9
2012-05-11,Admiralty,0.8,27.9,32.1,25.1,4.8,32.4
2012-05-12,Admiralty,4.8,29.0,32.3,26.2,8.4,31.0
2012-05-13,Admiralty,0.2,27.2,29.8,23.3,10.3,62.6
2012-05-14,Admiralty,0.0,29.3,32.6,26.9,9.2,32.8
2012-05-15,Admiralty,2.2,29.2,32.9,26.6,5.3,34.6
2012-05-16,Admiralty,11.0,28.1,31.8,24.1,7.9,58.7
2012-05-17,Admiralty,0.0,26.8,29.6,23.5,6.1,49.0
2012-05-18,Admiralty,0.0,29.1,33.8,26.1,4.8,21.6
2012-05-19,Admiralty,0.0,29.7,34.7,26.6,5.6,28.1
2012-05-20,Admiralty,6.2,28.4,32.4,25.3,6.2,38.9
2012-05-21,Admiralty,2.0,28.3,33.1,25.2,4.7,22.0
2012-05-22,Admiralty,11.2,28.6,33.0,24.5,6.0,38.5
2012-05-23,Admiralty,0.0,27.6,31.2,24.5,8.4,38.9
2012-05-24,Admiralty,2.6,28.8,32.6,26.6,6.0,25.9
2012-05-25,Admiralty,0.0,28.4,31.0,25.4,6.5,24.1
2012-05-26,Admiralty,56.2,27.6,31.5,23.8,8.0,37.8
2012-05-27,Admiralty,0.0,26.9,30.6,23.0,7.0,60.8
2012-05-28,Admiralty,0.0,28.9,32.9,25.2,5.6,23.0
2012-05-29,Admiralty,2.0,28.2,31.3,26.3,7.7,32.0
2012-05-30,Admiralty,0.8,27.9,33.0,25.7,5.7,31.0
2012-05-31,Admiralty,0.8,28.0,33.5,24.7,5.7,32.4
2012-06-01,Admiralty,0.0,27.7,30.7,25.0,6.8,26.6
2012-06-02,Admiralty,0.0,28.5,31.3,26.5,4.9,24.1
2012-06-03,Admiralty,0.6,28.0,31.7,25.3,5.4,29.5
2012-06-04,Admiralty,1.4,28.7,32.6,26.8,4.6,22.7
2012-06-05,Admiralty,0.8,29.0,32.2,26.1,5.9,19.4
2012-06-06,Admiralty,0.0,28.5,31.3,25.9,11.7,41.8
2012-06-07,Admiralty,0.0,30.0,33.7,27.6,7.5,27.0
2012-06-08,Admiralty,68.0,28.4,31.3,25.1,4.0,24.5
2012-06-09,Admiralty,0.4,26.3,29.1,23.3,7.2,48.2
2012-06-10,Admiralty,0.0,29.1,33.3,26.1,6.5,29.2
2012-06-11,Admiralty,0.0,28.8,30.2,27.6,5.6,26.3
2012-06-12,Admiralty,0.0,29.2,33.0,27.6,7.5,27.4
2012-06-13,Admiralty,0.0,29.6,33.6,26.9,6.1,24.1
2012-06-14,Admiralty,0.0,30.0,33.6,27.4,7.0,29.2
2012-06-15,Admiralty,0.0,29.9,33.2,27.2,6.3,23.4
2012-06-16,Admiralty,0.0,29.6,33.0,27.1,7.5,26.3
2012-06-17,Admiralty,0.0,29.6,32.8,27.3,8.7,28.1
2012-06-18,Admiralty,0.0,29.8,33.1,27.1,6.9,29.2
2012-06-19,Admiralty,19.4,28.5,33.5,24.9,6.1,40.0
2012-06-20,Admiralty,0.0,28.9,32.9,26.3,5.6,24.8
2012-06-21,Admiralty,1.4,27.7,31.5,24.0,6.2,28.4
2012-06-22,Admiralty,0.0,28.6,32.8,24.9,8.6,28.1
2012-06-23,Admiralty,0.0,29.9,34.0,27.4,6.4,24.1
2012-06-24,Admiralty,0.0,29.4,33.6,26.3,6.9,45.4
2012-06-25,Admiralty,0.0,29.2,33.2,26.2,6.6,27.4
2012-06-26,Admiralty,0.0,27.8,32.3,25.4,5.1,24.5
2012-06-27,Admiralty,9.0,27.2,30.5,23.8,5.4,44.6
2012-06-28,Admiralty,0.0,28.0,31.9,24.6,6.0,34.2
2012-06-29,Admiralty,0.0,28.8,32.7,26.0,5.9,24.8
2012-06-30,Admiralty,4.4,27.5,31.4,24.3,5.7,48.2
2012-07-01,Admiralty,0.0,28.3,32.4,25.8,6.8,42.5
2012-07-02,Admiralty,42.0,27.4,31.4,22.8,5.9,41.4
2012-07-03,Admiralty,31.6,26.2,30.4,23.9,6.0,43.9
2012-07-04,Admiralty,50.4,26.3,29.4,23.5,5.6,45.4
2012-07-05,Admiralty,51.2,25.9,28.9,23.4,5.3,32.0
2012-07-06,Admiralty,0.0,27.9,31.9,24.9,5.8,24.8
2012-07-07,Admiralty,7.4,27.0,31.7,24.4,5.5,39.6
2012-07-08,Admiralty,0.0,27.3,32.1,23.2,9.5,56.2
2012-07-09,Admiralty,0.0,28.4,31.5,26.8,5.9,24.8
2012-07-10,Admiralty,0.6,27.2,30.8,25.9,6.1,32.0
2012-07-11,Admiralty,0.0,27.0,29.5,25.7,5.2,27.0
2012-07-12,Admiralty,0.4,28.0,31.1,25.8,6.9,27.4
2012-07-13,Admiralty,0.2,28.5,31.8,26.1,6.6,27.0
2012-07-14,Admiralty,9.0,26.1,27.9,24.3,5.4,29.2
2012-07-15,Admiralty,0.2,27.1,32.4,25.2,5.3,30.2
2012-07-16,Admiralty,50.2,25.8,28.3,23.1,4.8,28.1
2012-07-17,Admiralty,6.8,25.9,30.6,24.4,5.8,33.1
2012-07-18,Admiralty,0.0,27.3,30.6,24.9,5.3,22.7
2012-07-19,Admiralty,36.2,26.0,30.9,23.4,4.8,29.9
2012-07-20,Admiralty,0.4,27.3,31.9,24.0,5.8,28.1
2012-07-21,Admiralty,0.0,28.9,33.0,26.3,5.6,28.1
2012-07-22,Admiralty,0.0,29.0,33.3,25.3,6.9,30.2
2012-07-23,Admiralty,0.0,28.9,32.2,26.6,7.5,32.4
2012-07-24,Admiralty,0.0,29.0,32.1,26.6,6.7,28.4
2012-07-25,Admiralty,0.0,29.0,32.9,26.4,6.9,29.2
2012-07-26,Admiralty,0.0,29.4,33.0,27.2,8.6,31.3
2012-07-27,Admiralty,0.0,29.2,32.9,26.9,8.1,30.6
2012-07-28,Admiralty,3.4,28.2,32.9,24.0,7.4,39.6
2012-07-29,Admiralty,0.0,28.5,32.0,25.5,6.3,25.2
2012-07-30,Admiralty,0.0,28.9,32.2,26.7,7.1,32.4
2012-07-31,Admiralty,0.0,28.8,32.2,26.7,6.9,27.0
2012-08-01,Admiralty,0.8,27.8,30.0,24.9,6.4,36.0
2012-08-02,Admiralty,0.0,28.7,32.2,26.3,6.1,21.2
2012-08-03,Admiralty,40.0,27.4,31.0,24.5,9.3,44.6
2012-08-04,Admiralty,10.0,26.9,32.0,24.5,6.3,43.6
2012-08-05,Admiralty,0.0,28.1,32.1,25.3,5.4,25.2
2012-08-06,Admiralty,2.6,27.6,31.0,25.1,6.4,31.3
2012-08-07,Admiralty,0.0,28.2,32.3,24.2,6.8,29.2
2012-08-08,Admiralty,0.0,28.7,31.9,25.3,7.1,30.2
2012-08-09,Admiralty,0.0,28.7,32.0,26.0,8.4,32.0
2012-08-10,Admiralty,0.0,29.0,32.9,26.6,8.1,28.4
2012-08-11,Admiralty,0.0,29.2,33.0,25.5,7.3,26.3
2012-08-12,Admiralty,0.0,28.2,32.8,25.3,8.3,33.1
2012-08-13,Admiralty,1.4,27.7,31.3,24.3,6.1,38.5
2012-08-14,Admiralty,0.0,29.3,33.5,25.5,6.5,24.5
2012-08-15,Admiralty,0.0,29.0,32.6,26.9,9.8,39.2
2012-08-16,Admiralty,0.0,28.1,31.0,25.8,7.7,35.3
2012-08-17,Admiralty,17.6,26.6,29.6,23.0,5.7,34.2
2012-08-18,Admiralty,0.0,27.5,32.5,24.6,6.6,33.1
2012-08-19,Admiralty,5.8,27.2,31.9,24.0,6.8,29.9
2012-08-20,Admiralty,30.4,28.0,32.9,22.1,7.2,60.1
2012-08-21,Admiralty,2.4,26.9,33.3,25.0,7.1,53.6
2012-08-22,Admiralty,0.4,27.4,31.6,24.4,5.1,28.8
2012-08-23,Admiralty,1.4,26.7,29.5,23.8,9.0,49.3
2012-08-24,Admiralty,0.0,28.5,32.2,25.6,7.1,31.0
2012-08-25,Admiralty,8.2,27.6,30.5,25.4,7.3,45.4
2012-08-26,Admiralty,2.6,27.2,30.7,25.5,5.4,32.8
2012-08-27,Admiralty,35.4,25.3,29.0,23.6,5.6,30.6
2012-08-28,Admiralty,0.2,25.8,28.4,24.4,7.0,31.3
2012-08-29,Admiralty,0.0,27.4,30.0,24.9,5.2,22.7
2012-08-30,Admiralty,6.8,25.8,28.7,23.9,6.4,33.5
2012-08-31,Admiralty,2.0,26.0,28.6,23.9,5.2,33.1
2012-10-01,Admiralty,0.0,28.4,33.5,24.4,7.3,28.1
2012-10-02,Admiralty,0.0,28.4,32.2,25.8,7.0,25.9
2012-10-03,Admiralty,0.0,29.1,32.7,26.1,6.8,31.7
2012-10-04,Admiralty,0.0,28.6,32.1,26.1,7.8,33.5
2012-10-05,Admiralty,0.0,27.9,30.3,26.7,8.0,30.2
2012-10-06,Admiralty,2.4,27.9,31.5,25.1,8.6,29.9
2012-10-07,Admiralty,0.0,27.4,29.9,25.2,6.8,28.4
2012-10-08,Admiralty,0.0,28.5,32.8,25.3,6.0,21.6
2012-10-09,Admiralty,2.2,27.2,32.5,25.3,5.5,29.5
2012-10-10,Admiralty,1.2,27.6,33.5,24.7,6.1,27.0
2012-10-11,Admiralty,0.6,27.4,33.2,25.6,5.4,31.3
2012-10-12,Admiralty,29.8,27.3,33.1,24.2,6.5,27.0
2012-10-13,Admiralty,22.2,26.0,31.3,24.2,5.9,32.0
2012-10-14,Admiralty,8.0,26.7,33.6,24.6,5.8,36.7
2012-10-15,Admiralty,0.0,27.1,31.9,24.8,6.7,26.6
2012-10-16,Admiralty,0.0,27.5,32.1,24.8,6.1,32.0
2012-10-17,Admiralty,15.2,26.4,32.7,23.5,4.9,37.1
2012-10-18,Admiralty,46.6,26.1,31.3,23.5,4.4,28.1
2012-10-19,Admiralty,0.8,25.9,30.5,24.2,6.2,27.0
2012-10-20,Admiralty,15.8,26.4,32.3,24.3,6.2,29.5
2012-10-21,Admiralty,8.2,26.2,30.1,24.6,4.2,23.0
2012-10-22,Admiralty,0.0,27.2,32.7,24.5,6.7,35.3
2012-10-23,Admiralty,0.0,28.3,33.1,24.6,6.8,25.6
2012-10-24,Admiralty,0.0,29.1,33.9,25.6,6.9,27.4
2012-10-25,Admiralty,0.0,28.7,33.3,26.2,9.7,36.7
2012-10-26,Admiralty,0.0,28.7,32.7,26.1,9.7,32.8
2012-10-27,Admiralty,0.0,28.8,33.9,26.0,7.0,24.1
2012-10-28,Admiralty,0.0,28.7,33.1,26.0,10.8,35.3
2012-10-29,Admiralty,0.0,28.5,32.6,26.0,8.8,34.9
2012-10-30,Admiralty,1.2,27.6,31.2,25.6,7.4,29.5
2012-10-31,Admiralty,4.0,26.5,30.8,24.6,7.2,31.7
2012-11-01,Admiralty,9.0,26.0,31.7,24.3,5.9,29.5
2012-11-02,Admiralty,0.0,27.4,33.4,24.4,5.9,30.2
2012-11-03,Admiralty,29.6,25.6,29.1,23.4,7.9,30.6
2012-11-04,Admiralty,8.2,25.8,31.1,23.7,8.1,30.6
2012-11-05,Admiralty,0.0,26.2,29.1,23.1,7.8,35.3
2012-11-06,Admiralty,4.4,26.4,31.7,24.2,7.7,26.6
2012-11-07,Admiralty,0.8,27.4,31.3,24.9,6.7,32.0
2012-11-08,Admiralty,20.8,26.9,32.5,24.3,6.3,32.4
2012-11-09,Admiralty,17.8,26.6,31.9,24.6,5.8,40.3
2012-11-10,Admiralty,7.4,26.5,32.0,24.5,5.0,32.4
2012-11-11,Admiralty,0.0,27.3,31.2,25.4,6.8,28.4
2012-11-12,Admiralty,10.2,26.6,31.6,23.4,6.6,33.5
2012-11-13,Admiralty,9.6,26.3,31.2,24.3,6.5,31.7
2012-11-14,Admiralty,25.0,26.5,32.8,23.2,5.2,36.4
2012-11-15,Admiralty,4.8,27.7,31.4,25.2,5.0,23.8
2012-11-16,Admiralty,3.6,28.1,33.8,24.9,6.8,35.3
2012-11-17,Admiralty,47.2,26.7,32.1,23.6,7.3,52.6
2012-11-18,Admiralty,5.0,27.2,32.7,24.0,5.9,33.1
2012-11-19,Admiralty,16.0,26.4,29.4,24.2,7.0,36.0
2012-11-20,Admiralty,0.0,28.0,33.0,24.9,6.7,31.0
2012-11-21,Admiralty,30.0,27.2,33.9,24.2,6.1,41.0
2012-11-22,Admiralty,0.2,26.9,29.2,25.0,5.1,42.5
2012-11-23,Admiralty,38.0,26.9,33.5,23.6,5.0,44.3
2012-11-24,Admiralty,0.0,27.1,30.7,23.4,11.6,32.4
2012-11-25,Admiralty,1.8,26.7,30.9,24.7,5.4,22.3
2012-11-26,Admiralty,7.6,27.0,32.5,24.8,5.5,38.2
2012-11-27,Admiralty,4.2,26.7,32.5,24.3,5.7,33.5
2012-11-28,Admiralty,29.6,27.3,34.5,24.4,4.7,35.6
2012-11-29,Admiralty,21.8,26.7,32.0,24.4,6.1,41.8
2012-11-30,Admiralty,6.0,27.4,32.7,25.1,5.1,36.0
2012-12-01,Admiralty,1.8,26.3,30.2,24.9,5.4,19.4
2012-12-02,Admiralty,1.6,27.1,30.4,24.3,5.9,19.1
2012-12-03,Admiralty,71.6,25.6,29.8,23.4,7.9,37.4
2012-12-04,Admiralty,11.8,26.0,31.6,23.7,6.7,32.8
2012-12-05,Admiralty,84.0,26.2,31.1,23.9,6.2,31.7
2012-12-06,Admiralty,1.2,26.6,32.2,24.6,7.5,39.2
2012-12-07,Admiralty,0.0,27.9,31.7,25.1,10.7,40.0
2012-12-08,Admiralty,0.0,27.6,29.8,25.7,8.5,29.9
2012-12-09,Admiralty,0.4,27.1,30.3,25.3,7.7,29.9
2012-12-10,Admiralty,0.6,26.6,31.4,24.6,6.3,39.6
2012-12-11,Admiralty,21.4,26.2,29.9,22.6,6.0,38.9
2012-12-12,Admiralty,3.0,26.1,31.2,23.8,7.0,33.1
2012-12-13,Admiralty,20.0,25.4,30.5,23.3,8.1,45.0
2012-12-14,Admiralty,0.2,26.8,30.8,24.6,6.3,29.2
2012-12-15,Admiralty,1.6,26.9,30.5,25.0,6.4,28.8
2012-12-16,Admiralty,45.2,25.5,30.1,23.5,5.5,33.5
2012-12-17,Admiralty,27.2,25.7,29.7,23.8,5.9,37.8
2012-12-18,Admiralty,12.6,25.2,29.0,23.7,5.6,40.3
2012-12-19,Admiralty,7.4,25.7,31.7,23.5,6.0,48.6
2012-12-20,Admiralty,0.2,27.2,31.1,23.6,8.7,30.6
2012-12-21,Admiralty,1.8,27.2,32.0,24.9,5.7,29.9
2012-12-22,Admiralty,10.0,26.3,32.4,23.8,6.5,41.0
2012-12-23,Admiralty,0.2,26.6,31.2,24.5,9.0,30.6
2012-12-24,Admiralty,2.8,26.2,29.5,24.7,8.6,26.6
2012-12-25,Admiralty,0.4,24.7,27.0,23.7,7.4,31.0
2012-12-26,Admiralty,0.0,26.0,29.5,23.5,8.3,33.8
2012-12-27,Admiralty,0.0,26.6,29.7,25.0,8.7,28.4
2012-12-28,Admiralty,28.8,26.7,29.8,24.7,8.6,34.9
2012-12-29,Admiralty,11.6,26.5,30.0,24.6,6.2,35.3
2012-12-30,Admiralty,1.6,27.1,29.9,25.4,7.3,38.5
2012-12-31,Admiralty,86.8,25.5,29.3,22.7,7.3,41.4
2013-02-01,Admiralty,0.0,27.4,30.6,25.2,14.6,41.8
2013-02-02,Admiralty,0.0,27.8,32.1,24.8,13.2,39.2
2013-02-03,Admiralty,39.6,25.6,27.4,24.4,9.5,38.5
2013-02-04,Admiralty,1.0,26.4,28.9,24.2,9.4,29.2
2013-02-05,Admiralty,5.6,25.8,29.0,23.4,7.9,32.4
2013-02-06,Admiralty,6.2,25.5,29.2,24.0,7.0,27.4
2013-02-07,Admiralty,4.4,26.3,30.6,23.9,8.1,33.5
2013-02-08,Admiralty,33.6,25.5,29.5,24.0,5.4,29.2
2013-02-09,Admiralty,28.6,26.0,32.5,23.8,7.0,34.6
2013-02-10,Admiralty,21.6,24.5,25.4,23.3,9.6,35.3
2013-02-11,Admiralty,0.8,24.8,28.4,23.5,7.3,31.0
2013-02-12,Admiralty,28.2,25.5,29.0,23.7,9.6,37.4
2013-02-13,Admiralty,0.8,26.5,30.2,24.5,10.4,38.2
2013-02-14,Admiralty,29.8,24.8,27.5,23.4,6.8,31.3
2013-02-15,Admiralty,9.0,25.4,29.8,23.7,8.5,46.8
2013-02-16,Admiralty,2.0,25.7,30.4,24.4,7.4,38.9
2013-02-17,Admiralty,1.0,24.7,25.7,23.9,7.5,28.8
2013-02-18,Admiralty,15.0,26.0,31.1,24.3,7.7,26.6
2013-02-19,Admiralty,0.4,25.8,27.8,24.7,8.7,27.7
2013-02-20,Admiralty,0.6,27.0,32.0,24.5,8.5,25.2
2013-02-21,Admiralty,0.2,26.8,29.6,24.9,9.0,24.5
2013-02-22,Admiralty,0.0,27.3,32.1,24.5,12.5,35.6
2013-02-23,Admiralty,0.0,27.5,31.6,24.1,12.2,36.4
2013-02-24,Admiralty,0.0,27.3,30.0,24.8,12.2,38.5
2013-02-25,Admiralty,65.8,26.9,32.0,23.9,8.2,44.6
2013-02-26,Admiralty,19.6,26.8,33.0,24.6,7.4,36.4
2013-02-27,Admiralty,5.2,27.2,31.9,24.5,7.6,25.2
2013-02-28,Admiralty,0.0,27.6,33.9,25.1,7.4,33.8
2013-03-01,Admiralty,0.0,28.1,34.1,25.3,8.6,30.6
2013-03-02,Admiralty,21.2,27.8,32.3,24.7,9.2,41.4
2013-03-03,Admiralty,0.0,27.6,31.1,25.2,13.5,40.3
2013-03-04,Admiralty,0.0,27.6,31.4,24.9,13.5,46.4
2013-03-05,Admiralty,0.2,27.3,30.9,25.0,11.6,46.8
2013-03-06,Admiralty,0.2,27.2,30.5,25.1,11.6,34.9
2013-03-07,Admiralty,0.0,27.6,32.5,24.9,12.4,37.4
2013-03-08,Admiralty,0.0,27.8,31.3,25.5,13.2,42.5
2013-03-09,Admiralty,3.0,26.9,31.3,24.7,10.0,40.7
2013-03-10,Admiralty,11.6,27.1,33.4,24.5,7.7,28.1
2013-03-11,Admiralty,0.0,27.5,32.9,25.1,10.5,37.1
2013-03-12,Admiralty,0.0,27.9,33.8,24.7,10.2,31.0
2013-03-13,Admiralty,19.0,27.4,34.4,23.1,8.3,60.5
2013-03-14,Admiralty,0.0,27.5,33.1,25.5,8.7,33.1
2013-03-15,Admiralty,0.0,28.3,32.8,24.9,11.0,37.4
2013-03-16,Admiralty,0.0,28.3,32.4,25.5,11.7,36.4
2013-03-17,Admiralty,16.0,26.9,32.0,25.2,8.4,45.7
2013-03-18,Admiralty,0.0,28.3,34.3,25.2,10.6,30.2
2013-03-19,Admiralty,0.0,28.4,33.5,25.7,11.0,32.8
2013-03-20,Admiralty,0.0,28.9,33.8,26.0,9.6,27.7
2013-03-21,Admiralty,0.2,28.7,33.0,27.4,8.9,33.8
2013-03-22,Admiralty,18.6,27.9,32.9,24.5,8.8,30.6
2013-03-23,Admiralty,5.8,28.0,33.0,25.6,7.0,42.1
2013-03-24,Admiralty,50.0,27.9,36.2,22.9,7.0,60.5
2013-03-25,Admiralty,0.4,27.8,33.7,24.7,6.4,38.2
2013-03-26,Admiralty,10.4,28.1,34.0,24.9,6.3,35.3
2013-03-27,Admiralty,0.0,29.0,32.2,26.3,6.2,29.5
2013-03-28,Admiralty,16.4,28.1,32.9,25.4,5.8,37.4
2013-03-29,Admiralty,36.2,27.7,34.6,24.0,5.6,27.7
2013-03-30,Admiralty,49.2,28.1,34.9,24.1,5.6,55.1
2013-03-31,Admiralty,10.4,28.4,34.7,25.3,6.1,37.1
2013-04-01,Admiralty,21.0,27.9,34.5,23.6,6.3,42.1
2013-04-02,Admiralty,10.6,28.5,33.5,25.4,5.5,28.1
2013-04-03,Admiralty,10.8,28.1,34.1,24.4,6.3,31.7
2013-04-04,Admiralty,4.4,27.5,32.1,25.2,6.3,28.8
2013-04-05,Admiralty,0.0,28.8,32.7,25.7,8.7,30.6
2013-04-06,Admiralty,1.0,27.9,30.1,25.9,12.6,65.2
2013-04-07,Admiralty,0.0,28.1,30.1,26.0,12.7,45.0
2013-04-08,Admiralty,0.8,28.2,32.5,25.7,6.3,38.2
2013-04-09,Admiralty,0.0,28.0,32.3,25.9,5.2,22.0
2013-04-10,Admiralty,0.0,28.6,33.3,26.2,6.6,32.8
2013-04-11,Admiralty,0.0,27.3,30.3,24.6,6.8,21.2
2013-04-12,Admiralty,0.0,29.0,35.1,25.6,7.6,26.6
2013-04-13,Admiralty,3.4,29.5,35.0,26.1,6.9,41.8
2013-04-14,Admiralty,0.8,26.2,29.2,22.6,6.9,61.9
2013-04-15,Admiralty,0.0,29.3,35.1,25.4,8.3,28.1
2013-04-16,Admiralty,5.0,29.9,35.2,26.9,7.7,31.0
2013-04-17,Admiralty,0.4,28.2,31.0,25.0,11.1,42.5
2013-04-18,Admiralty,1.2,30.0,33.6,27.1,9.2,36.4
2013-04-19,Admiralty,0.0,27.2,30.6,25.0,6.7,24.1
2013-04-20,Admiralty,0.0,29.6,34.3,26.4,6.2,26.3
2013-04-21,Admiralty,17.8,26.2,33.4,23.7,6.8,60.8
2013-04-22,Admiralty,11.4,27.8,35.1,23.6,6.2,28.1
2013-04-23,Admiralty,0.2,27.5,32.3,25.1,5.8,35.6
2013-04-24,Admiralty,16.0,27.6,34.2,24.2,5.0,31.7
2013-04-25,Admiralty,20.8,27.8,31.8,25.1,6.4,21.2
2013-04-26,Admiralty,0.8,27.3,31.5,23.6,5.5,47.5
2013-04-27,Admiralty,27.6,27.6,33.8,23.4,4.8,52.2
2013-04-28,Admiralty,40.4,25.9,27.3,23.5,4.6,26.6
2013-04-29,Admiralty,16.2,27.7,32.3,24.9,5.5,23.8
2013-04-30,Admiralty,0.0,28.9,33.9,25.5,5.3,29.9
2013-05-01,Admiralty,0.8,28.1,30.9,26.2,4.6,25.2
2013-05-02,Admiralty,7.2,27.9,32.0,25.0,5.9,43.6
2013-05-03,Admiralty,0.4,27.9,30.8,25.9,4.7,31.0
2013-05-04,Admiralty,0.2,28.8,32.6,25.9,7.2,28.1
2013-05-05,Admiralty,8.4,27.4,30.6,25.5,4.3,22.3
2013-05-06,Admiralty,5.4,27.6,33.3,25.4,5.3,35.6
2013-05-07,Admiralty,68.6,26.8,32.7,22.8,5.6,44.3
2013-05-08,Admiralty,1.0,27.3,31.9,25.1,5.6,33.5
2013-05-09,Admiralty,0.4,27.9,33.5,24.9,6.4,38.5
2013-05-10,Admiralty,7.0,27.9,33.3,25.0,6.1,28.1
2013-05-11,Admiralty,0.0,28.2,32.0,25.8,6.2,24.1
2013-05-12,Admiralty,0.0,30.2,34.9,27.3,6.3,27.0
2013-05-13,Admiralty,0.0,30.5,35.2,27.9,6.9,24.5
2013-05-14,Admiralty,0.6,28.7,32.7,24.7,6.1,39.6
2013-05-15,Admiralty,13.4,28.8,34.0,25.3,6.4,27.7
2013-05-16,Admiralty,0.4,27.3,32.3,23.1,7.6,53.6
2013-05-17,Admiralty,0.0,29.1,33.8,26.0,5.9,21.2
2013-05-18,Admiralty,0.0,28.1,31.4,26.1,5.7,29.2
2013-05-19,Admiralty,0.0,29.2,34.2,25.4,5.8,24.5
2013-05-20,Admiralty,0.0,28.8,33.2,26.6,6.1,27.4
2013-05-21,Admiralty,9.0,27.5,34.6,24.2,6.7,42.5
2013-05-22,Admiralty,19.6,27.3,31.7,24.2,5.2,27.7
2013-05-23,Admiralty,10.8,28.2,32.7,24.7,4.4,34.9
2013-05-24,Admiralty,4.4,26.7,28.7,24.1,5.5,31.3
2013-05-25,Admiralty,0.0,28.8,34.5,26.1,7.0,38.5
2013-05-26,Admiralty,14.6,27.1,32.7,24.3,6.6,31.3
2013-05-27,Admiralty,0.0,28.6,35.1,24.7,5.9,22.0
2013-05-28,Admiralty,0.0,28.3,32.7,25.6,7.5,44.3
2013-05-29,Admiralty,0.2,27.0,28.5,26.0,6.2,22.0
2013-05-30,Admiralty,0.8,26.8,31.7,23.9,8.3,40.0
2013-05-31,Admiralty,28.4,27.6,33.4,24.4,5.8,38.5
2013-06-01,Admiralty,14.0,28.2,35.1,24.4,5.2,56.5
2013-06-02,Admiralty,4.2,29.0,34.6,25.8,6.5,46.1
2013-06-03,Admiralty,1.0,28.6,33.5,26.6,6.9,34.2
2013-06-04,Admiralty,0.2,27.9,33.2,25.2,6.9,29.9
2013-06-05,Admiralty,5.6,27.0,34.7,24.0,6.5,41.0
2013-06-06,Admiralty,13.8,28.0,33.9,24.3,7.2,18.0
2013-06-07,Admiralty,12.2,27.9,34.9,24.7,6.3,53.6
2013-06-08,Admiralty,0.0,28.2,33.5,25.0,6.4,46.1
2013-06-09,Admiralty,0.0,27.7,30.3,25.2,8.4,37.4
2013-06-10,Admiralty,5.0,28.7,31.7,25.6,9.9,35.6
2013-06-11,Admiralty,0.0,29.1,31.8,24.5,10.0,47.9
2013-06-12,Admiralty,0.0,29.5,32.1,27.8,11.4,51.8
2013-06-13,Admiralty,0.0,30.0,33.0,27.4,8.1,36.0
2013-06-14,Admiralty,0.0,30.2,32.6,28.0,8.1,34.9
2013-06-15,Admiralty,0.0,30.3,33.4,27.8,6.7,34.9
2013-06-16,Admiralty,2.8,30.3,33.5,26.9,7.8,35.6
2013-06-17,Admiralty,0.0,28.8,31.5,26.2,8.6,35.3
2013-06-18,Admiralty,0.0,30.0,33.2,27.6,8.9,41.8
2013-06-19,Admiralty,0.0,30.2,33.3,27.8,9.9,46.8
2013-06-20,Admiralty,0.0,29.6,32.5,26.4,8.9,37.8
2013-06-21,Admiralty,0.0,29.7,32.3,27.5,9.3,39.2
2013-06-22,Admiralty,0.0,30.2,33.6,27.6,7.4,30.6
2013-06-23,Admiralty,0.0,30.6,34.2,27.2,4.7,21.6
2013-06-24,Admiralty,0.0,30.2,34.6,28.5,8.2,28.1
2013-06-25,Admiralty,2.4,28.6,33.3,24.3,7.8,54.7
2013-06-26,Admiralty,1.0,27.3,29.8,25.1,5.9,31.3
2013-06-27,Admiralty,0.0,28.9,32.6,26.3,7.3,30.2
2013-06-28,Admiralty,0.0,29.1,32.5,26.8,6.0,26.6
2013-06-29,Admiralty,0.0,29.4,32.8,26.6,6.4,28.1
2013-06-30,Admiralty,12.8,27.0,29.2,23.4,5.9,37.4
2013-07-01,Admiralty,0.0,28.0,30.7,26.0,7.8,40.3
2013-07-02,Admiralty,0.4,27.8,30.9,26.5,6.5,32.8
2013-07-03,Admiralty,0.0,28.4,32.2,25.2,7.4,24.8
2013-07-04,Admiralty,1.0,26.9,30.5,24.6,7.1,47.9
2013-07-05,Admiralty,0.0,27.2,30.9,24.7,8.0,24.5
2013-07-06,Admiralty,0.0,29.1,32.9,26.8,6.4,29.9
2013-07-07,Admiralty,0.0,29.4,33.0,25.8,6.5,34.2
2013-07-08,Admiralty,27.8,28.7,32.8,24.4,7.4,31.3
2013-07-09,Admiralty,8.8,26.4,28.3,24.6,7.4,32.0
2013-07-10,Admiralty,0.0,28.6,32.3,25.7,7.4,28.1
2013-07-11,Admiralty,16.4,27.2,32.1,23.5,5.3,49.0
2013-07-12,Admiralty,1.0,27.0,30.9,25.1,7.9,40.3
2013-07-13,Admiralty,0.0,27.3,29.5,24.8,7.2,28.4
2013-07-14,Admiralty,0.4,27.4,29.1,24.5,6.9,37.8
2013-07-15,Admiralty,0.0,26.9,31.2,24.1,7.7,28.8
2013-07-16,Admiralty,0.0,27.8,32.0,25.7,5.0,32.0
2013-07-17,Admiralty,6.0,26.6,31.1,25.0,5.2,27.0
2013-07-18,Admiralty,2.8,26.3,28.1,24.4,5.7,23.0
2013-07-19,Admiralty,0.0,28.1,32.1,25.5,4.9,28.1
2013-07-20,Admiralty,0.0,29.1,33.0,26.1,6.2,30.6
2013-07-21,Admiralty,0.0,29.4,33.0,26.6,6.2,32.0
2013-07-22,Admiralty,0.0,29.0,32.2,26.3,8.0,37.1
2013-07-23,Admiralty,0.0,29.6,33.0,27.1,7.6,29.2
2013-07-24,Admiralty,0.0,29.3,33.7,25.5,7.4,27.7
2013-07-25,Admiralty,0.0,28.0,32.1,25.6,6.4,27.4
2013-07-26,Admiralty,8.8,26.6,31.5,24.4,6.5,28.1
2013-07-27,Admiralty,0.0,25.8,27.8,24.4,6.4,37.8
2013-07-28,Admiralty,0.0,28.7,33.3,24.9,5.0,23.0
2013-07-29,Admiralty,6.0,27.6,30.0,24.9,5.0,46.8
2013-07-30,Admiralty,0.0,27.6,31.8,25.9,6.2,27.0
2013-07-31,Admiralty,12.4,28.3,32.3,25.0,6.7,27.7
2013-08-01,Admiralty,1.6,26.9,30.2,22.1,6.5,53.6
2013-08-02,Admiralty,0.2,27.2,29.9,24.9,6.4,36.0
2013-08-03,Admiralty,0.0,29.2,33.1,26.6,7.1,31.7
2013-08-04,Admiralty,0.0,28.6,32.0,26.7,6.3,27.4
2013-08-05,Admiralty,34.0,26.7,29.1,22.9,8.9,42.5
2013-08-06,Admiralty,0.0,28.1,31.1,25.3,6.0,29.2
2013-08-07,Admiralty,0.8,28.4,31.3,25.9,6.9,36.7
2013-08-08,Admiralty,0.2,27.0,28.6,23.5,8.0,46.4
2013-08-09,Admiralty,17.2,27.2,32.1,24.0,7.5,40.3
2013-08-10,Admiralty,23.2,27.2,32.1,23.1,8.3,45.0
2013-08-11,Admiralty,14.8,26.4,31.3,22.1,5.7,55.1
2013-08-12,Admiralty,4.6,27.5,32.5,22.8,6.5,52.9
2013-08-13,Admiralty,0.8,26.4,28.6,23.5,6.0,38.5
2013-08-14,Admiralty,3.6,27.3,29.4,25.3,5.2,29.9
2013-08-15,Admiralty,0.0,28.7,32.4,26.6,6.9,26.3
2013-08-16,Admiralty,0.0,28.4,31.8,25.5,6.3,29.5
2013-08-17,Admiralty,11.8,27.5,31.7,24.7,5.9,34.2
2013-08-18,Admiralty,0.8,28.2,33.0,25.3,5.7,28.4
2013-08-19,Admiralty,0.0,27.8,32.5,24.7,6.1,33.1
2013-08-20,Admiralty,15.6,26.8,30.1,23.9,5.1,28.4
2013-08-21,Admiralty,0.0,28.4,31.9,25.6,6.5,34.6
2013-08-22,Admiralty,9.2,28.4,32.3,23.5,6.8,41.4
2013-08-23,Admiralty,0.0,28.6,32.1,25.2,7.3,32.4
2013-08-24,Admiralty,0.0,29.3,33.2,26.2,7.3,30.6
2013-08-25,Admiralty,0.0,29.2,32.5,26.9,9.1,36.0
2013-08-26,Admiralty,25.4,27.4,31.1,24.1,7.8,35.6
2013-08-27,Admiralty,0.0,28.8,33.2,26.3,6.8,23.4
2013-08-28,Admiralty,6.4,27.3,32.8,24.3,7.0,43.2
2013-08-29,Admiralty,5.8,26.1,30.1,24.6,6.2,31.0
2013-08-30,Admiralty,0.2,26.9,31.5,24.0,5.6,45.0
2013-08-31,Admiralty,0.0,28.2,33.6,24.8,7.1,29.5
2013-09-01,Admiralty,2.2,27.0,30.3,25.2,6.7,31.0
2013-09-02,Admiralty,39.2,26.7,32.0,23.4,6.1,36.0
2013-09-03,Admiralty,26.8,26.3,29.7,23.3,4.3,26.3
2013-09-04,Admiralty,2.0,26.2,29.6,24.2,4.8,19.8
2013-09-05,Admiralty,12.8,25.7,27.7,24.6,6.2,28.4
2013-09-06,Admiralty,43.6,26.1,29.8,22.6,7.0,46.1
2013-09-07,Admiralty,8.6,25.7,29.4,21.9,8.3,47.9
2013-09-08,Admiralty,0.2,26.1,30.1,22.6,7.1,33.1
2013-09-09,Admiralty,19.6,25.9,30.2,23.3,7.5,40.7
2013-09-10,Admiralty,4.6,25.5,27.2,23.3,9.6,43.6
2013-09-11,Admiralty,0.2,27.9,31.7,24.1,7.1,27.7
2013-09-12,Admiralty,0.0,28.4,32.0,23.9,8.1,33.8
2013-09-13,Admiralty,0.0,28.1,31.2,25.9,5.1,23.8
2013-09-14,Admiralty,0.0,28.6,31.8,26.0,5.1,33.1
2013-09-15,Admiralty,23.4,25.2,27.4,23.1,7.6,34.9
2013-09-16,Admiralty,0.0,27.7,32.0,24.3,5.4,20.5
2013-09-17,Admiralty,2.0,26.8,30.7,25.1,6.0,33.5
2013-09-18,Admiralty,0.0,28.8,32.1,26.2,4.8,21.2
2013-09-19,Admiralty,0.0,28.9,33.4,26.6,6.3,35.3
2013-09-20,Admiralty,0.0,29.4,33.1,26.5,6.4,25.9
2013-09-21,Admiralty,0.0,29.4,32.3,27.4,7.1,35.3
2013-09-22,Admiralty,0.0,29.5,33.3,27.1,6.9,34.6
2013-09-23,Admiralty,0.0,29.5,33.4,26.6,7.4,26.6
2013-09-24,Admiralty,0.0,29.7,33.9,27.2,7.8,32.0
2013-09-25,Admiralty,10.4,27.0,29.2,21.9,6.4,65.5
2013-09-26,Admiralty,22.4,25.8,29.8,22.4,6.1,54.4
2013-09-27,Admiralty,0.0,28.3,31.2,25.7,6.2,28.1
2013-09-28,Admiralty,6.0,27.8,31.0,25.9,6.1,32.0
2013-09-29,Admiralty,0.6,27.3,31.1,23.1,7.4,36.4
2013-09-30,Admiralty,0.0,28.1,31.0,25.4,6.3,31.7
2013-10-01,Admiralty,0.0,29.3,33.2,26.7,7.7,32.8
2013-10-02,Admiralty,9.2,26.8,29.9,23.9,8.5,42.8
2013-10-03,Admiralty,47.6,26.9,32.5,22.4,5.8,42.8
2013-10-04,Admiralty,1.8,27.9,32.6,24.5,6.3,23.8
2013-10-05,Admiralty,4.8,28.0,31.6,23.2,7.9,40.7
2013-10-06,Admiralty,7.2,27.9,32.5,22.6,10.0,59.0
2013-10-07,Admiralty,0.4,27.7,31.5,23.0,8.9,45.0
2013-10-08,Admiralty,7.4,29.3,33.6,25.0,6.3,41.4
2013-10-09,Admiralty,0.0,28.0,33.4,23.5,7.9,52.6
2013-10-10,Admiralty,0.8,27.5,33.4,24.2,7.3,30.6
2013-10-11,Admiralty,0.6,27.1,30.2,24.9,5.2,24.8
2013-10-12,Admiralty,0.0,27.8,30.9,26.3,8.4,32.0
2013-10-13,Admiralty,14.2,27.8,31.2,26.0,9.8,43.6
2013-10-14,Admiralty,0.8,26.9,30.0,23.8,8.1,34.6
2013-10-15,Admiralty,0.2,27.5,30.3,24.9,6.2,28.4
2013-10-16,Admiralty,0.0,29.2,33.2,25.9,6.1,26.6
2013-10-17,Admiralty,0.0,28.8,32.7,25.9,10.3,34.6
2013-10-18,Admiralty,3.4,28.2,31.3,24.6,9.6,34.2
2013-10-19,Admiralty,0.0,27.2,32.2,25.0,4.8,31.3
2013-10-20,Admiralty,0.8,26.5,31.7,24.3,8.5,32.0
2013-10-21,Admiralty,9.0,27.2,29.9,24.9,7.4,27.7
2013-10-22,Admiralty,0.0,26.8,30.8,23.7,7.8,31.7
2013-10-23,Admiralty,0.0,27.3,31.6,24.3,8.0,33.8
2013-10-24,Admiralty,0.0,27.0,33.5,25.0,5.9,25.2
2013-10-25,Admiralty,0.0,27.9,32.8,24.7,7.2,31.0
2013-10-26,Admiralty,0.0,27.0,32.2,24.1,8.5,45.0
2013-10-27,Admiralty,6.8,26.1,32.7,23.7,7.3,32.0
2013-10-28,Admiralty,60.8,26.3,33.4,22.8,6.0,31.0
2013-10-29,Admiralty,0.0,27.2,31.5,24.6,6.4,26.3
2013-10-30,Admiralty,9.4,26.6,31.6,23.9,5.1,40.7
2013-10-31,Admiralty,17.0,26.6,33.8,23.8,5.0,34.9
2013-11-01,Admiralty,74.2,26.7,32.7,22.4,5.4,56.2
2013-11-02,Admiralty,0.0,26.7,30.8,25.0,5.7,24.1
2013-11-03,Admiralty,0.0,26.7,33.2,24.7,6.5,37.1
2013-11-04,Admiralty,7.4,26.7,31.9,24.8,6.6,31.0
2013-11-05,Admiralty,34.0,27.0,33.8,24.2,6.7,30.6
2013-11-06,Admiralty,0.2,26.9,30.1,23.4,8.3,35.6
2013-11-07,Admiralty,0.0,28.1,32.3,24.9,8.4,28.8
2013-11-08,Admiralty,0.2,27.2,32.1,24.9,7.9,35.3
2013-11-09,Admiralty,15.6,26.4,31.6,24.8,5.2,32.8
2013-11-10,Admiralty,14.2,26.9,30.4,23.4,5.2,43.2
2013-11-11,Admiralty,3.4,27.0,30.1,23.8,6.9,41.0
2013-11-12,Admiralty,4.0,25.4,27.9,23.6,5.9,28.8
2013-11-13,Admiralty,42.8,27.0,34.8,24.1,5.7,37.4
2013-11-14,Admiralty,0.2,26.6,30.1,23.1,5.4,38.9
2013-11-15,Admiralty,1.6,26.4,31.3,24.2,6.6,32.0
2013-11-16,Admiralty,0.8,27.1,31.1,24.4,6.2,28.4
2013-11-17,Admiralty,1.2,25.7,27.2,24.8,8.4,31.3
2013-11-18,Admiralty,0.0,26.7,30.4,24.6,8.8,43.9
2013-11-19,Admiralty,1.0,27.2,31.8,25.1,5.9,31.0
2013-11-20,Admiralty,6.0,27.3,29.9,24.3,10.2,45.0
2013-11-21,Admiralty,11.2,27.9,31.2,24.2,10.6,43.6
2013-11-22,Admiralty,34.8,27.3,31.3,23.9,6.5,23.0
2013-11-23,Admiralty,1.0,26.6,30.7,22.3,7.1,41.0
2013-11-24,Admiralty,0.0,27.6,32.3,25.3,6.3,24.8
2013-11-25,Admiralty,9.0,26.7,32.5,23.6,6.8,44.6
2013-11-26,Admiralty,0.4,26.9,30.0,25.2,7.1,24.5
2013-11-27,Admiralty,41.2,27.9,34.0,23.7,5.7,32.8
2013-11-28,Admiralty,0.4,26.6,31.5,24.9,6.9,27.7
2013-11-29,Admiralty,0.8,27.2,31.8,24.8,6.9,28.4
2013-11-30,Admiralty,11.0,26.6,32.4,24.8,7.2,30.6
2013-12-01,Admiralty,44.0,25.6,27.5,24.4,8.0,24.1
2013-12-02,Admiralty,9.4,24.5,25.2,24.0,8.4,25.6
2013-12-03,Admiralty,48.8,25.2,30.7,23.5,6.6,25.6
2013-12-04,Admiralty,0.0,25.4,27.8,23.7,9.8,32.8
2013-12-05,Admiralty,1.2,26.3,31.3,24.2,7.1,24.8
2013-12-06,Admiralty,44.2,24.8,30.0,23.3,7.4,31.7
2013-12-07,Admiralty,0.0,26.7,32.3,23.0,6.3,27.7
2013-12-08,Admiralty,20.4,24.9,28.5,23.6,9.2,25.2
2013-12-09,Admiralty,0.0,26.8,32.8,24.1,6.6,29.2
2013-12-10,Admiralty,2.0,26.9,31.7,24.8,5.5,23.8
2013-12-11,Admiralty,8.8,27.0,30.9,24.7,8.5,32.0
2013-12-12,Admiralty,3.4,26.9,30.8,25.1,9.3,36.4
2013-12-13,Admiralty,0.0,27.4,31.8,24.9,10.2,29.9
2013-12-14,Admiralty,0.6,27.2,31.9,24.9,8.5,33.5
2013-12-15,Admiralty,6.6,26.5,32.7,23.0,7.2,36.4
2013-12-16,Admiralty,0.0,28.0,32.5,24.4,8.6,37.4
2013-12-17,Admiralty,0.2,27.9,32.9,24.8,7.3,35.3
2013-12-18,Admiralty,57.8,26.7,33.3,21.7,9.4,48.6
2013-12-19,Admiralty,0.0,25.6,28.8,23.0,10.4,43.9
2013-12-20,Admiralty,3.8,25.1,27.4,23.5,7.6,28.8
2013-12-21,Admiralty,0.0,25.9,29.2,23.5,9.7,28.8
2013-12-22,Admiralty,0.0,26.5,30.7,24.0,11.5,33.8
2013-12-23,Admiralty,2.2,25.3,27.4,23.9,12.7,31.7
2013-12-24,Admiralty,0.6,26.7,29.2,25.3,12.0,40.0
2013-12-25,Admiralty,0.0,27.0,30.0,25.2,10.8,44.3
2013-12-26,Admiralty,15.4,26.3,30.5,23.8,10.5,33.5
2013-12-27,Admiralty,0.2,26.6,29.5,24.7,11.5,39.6
2013-12-28,Admiralty,0.4,26.0,29.3,24.6,12.6,41.0
2013-12-29,Admiralty,0.0,25.8,27.9,24.3,11.1,35.3
2013-12-30,Admiralty,0.4,26.2,29.1,24.2,11.4,35.6
2013-12-31,Admiralty,1.0,25.4,27.4,24.6,11.9,38.2
2014-01-01,Admiralty,0.0,26.3,28.8,24.3,10.8,34.2
2014-01-02,Admiralty,0.0,26.9,30.7,24.6,11.5,38.2
2014-01-03,Admiralty,4.6,26.5,29.5,24.9,9.7,34.2
2014-01-04,Admiralty,3.8,26.4,31.2,24.7,8.1,32.8
2014-01-05,Admiralty,3.6,24.6,25.3,23.6,8.4,27.0
2014-01-06,Admiralty,80.0,25.0,27.2,23.1,6.2,29.5
2014-01-07,Admiralty,2.0,26.5,30.6,24.3,8.0,27.4
2014-01-08,Admiralty,0.0,26.9,30.8,24.4,11.7,34.6
2014-01-09,Admiralty,2.6,25.4,27.5,23.9,6.0,27.4
2014-01-10,Admiralty,0.0,26.9,31.9,24.1,6.0,27.4
2014-01-11,Admiralty,1.8,26.5,30.9,23.6,12.8,37.4
2014-01-12,Admiralty,0.2,25.9,28.3,24.4,11.7,39.2
2014-01-13,Admiralty,0.0,26.4,29.3,24.5,14.8,43.2
2014-01-14,Admiralty,0.2,26.1,29.6,23.9,13.3,44.3
2014-01-15,Admiralty,0.0,25.4,28.2,23.9,12.8,44.3
2014-01-16,Admiralty,0.0,25.6,28.4,23.5,13.9,39.6
2014-01-17,Admiralty,0.0,25.6,28.6,23.5,14.3,41.8
2014-01-18,Admiralty,0.0,25.6,28.5,23.5,14.0,42.5
2014-01-19,Admiralty,0.0,25.6,29.0,23.5,13.2,39.6
2014-01-20,Admiralty,0.0,25.6,29.2,23.7,14.2,37.4
2014-01-21,Admiralty,0.0,25.5,28.7,23.4,14.0,39.6
2014-01-22,Admiralty,0.0,25.0,27.9,23.0,13.5,40.3
2014-01-23,Admiralty,0.0,25.2,28.7,23.1,13.0,41.8
2014-01-24,Admiralty,0.0,25.2,28.3,23.0,12.6,35.3
2014-01-25,Admiralty,0.0,25.2,28.7,23.1,12.4,38.5
2014-01-26,Admiralty,0.0,25.2,29.3,22.5,11.3,37.1
2014-01-27,Admiralty,0.0,25.2,28.7,22.6,13.5,39.2
2014-01-28,Admiralty,0.0,26.1,29.7,24.1,14.0,40.7
2014-01-29,Admiralty,0.0,26.0,30.0,23.4,14.5,46.4
2014-01-30,Admiralty,0.0,25.5,30.3,22.6,13.2,53.6
2014-01-31,Admiralty,0.0,25.8,30.6,22.4,13.8,36.4
2014-02-01,Admiralty,0.0,25.7,32.4,21.8,10.9,33.1
2014-02-02,Admiralty,0.0,25.4,30.5,22.5,10.2,31.0
2014-02-03,Admiralty,0.0,25.9,31.7,23.0,10.8,29.9
2014-02-04,Admiralty,0.0,26.2,31.8,22.4,10.6,32.4
2014-02-05,Admiralty,0.0,25.9,32.0,22.5,11.6,35.6
2014-02-06,Admiralty,0.0,26.2,31.7,23.0,10.5,35.3
2014-02-07,Admiralty,0.0,26.3,31.5,23.6,10.1,27.0
2014-02-08,Admiralty,15.8,26.3,31.7,23.8,9.4,32.0
2014-02-09,Admiralty,0.0,27.0,32.6,24.2,7.9,29.2
2014-02-10,Admiralty,0.0,27.6,33.4,24.3,8.4,27.7
2014-02-11,Admiralty,0.0,27.2,31.7,24.7,11.1,33.1
2014-02-12,Admiralty,0.0,27.1,32.5,24.1,12.1,37.8
2014-02-13,Admiralty,0.0,27.5,32.6,24.9,12.5,40.7
2014-02-14,Admiralty,0.0,27.0,30.9,24.7,12.8,37.1
2014-02-15,Admiralty,0.0,27.1,31.0,24.7,14.4,41.0
2014-02-16,Admiralty,0.0,26.9,30.9,24.7,12.9,38.5
2014-02-17,Admiralty,0.0,27.0,30.7,24.9,14.6,36.4
2014-02-18,Admiralty,0.0,27.4,32.2,24.8,13.0,34.6
2014-02-19,Admiralty,0.0,27.1,32.0,24.5,12.0,35.3
2014-02-20,Admiralty,0.0,27.1,31.3,24.7,15.2,42.5
2014-02-21,Admiralty,0.0,26.9,29.8,24.9,15.7,43.2
2014-02-22,Admiralty,0.0,27.5,32.4,24.5,14.8,51.1
2014-02-23,Admiralty,0.0,26.7,31.3,24.0,12.5,44.3
2014-02-24,Admiralty,0.0,26.7,31.4,23.7,13.8,40.0
2014-02-25,Admiralty,0.0,26.4,31.0,23.4,11.9,37.8
2014-02-26,Admiralty,0.0,26.8,31.2,23.7,13.3,41.0
2014-02-27,Admiralty,0.0,27.3,32.4,24.1,13.6,44.3
2014-02-28,Admiralty,0.0,27.1,31.5,24.1,13.8,40.7
2014-03-01,Admiralty,0.0,27.0,31.5,24.6,12.4,40.3
2014-03-02,Admiralty,0.0,27.5,33.9,24.1,10.2,31.0
2014-03-03,Admiralty,0.0,27.3,33.2,24.4,10.8,38.5
2014-03-04,Admiralty,0.0,27.5,33.3,24.2,10.6,33.1
2014-03-05,Admiralty,0.0,27.4,33.9,23.9,11.4,40.7
2014-03-06,Admiralty,0.0,26.9,31.9,23.5,11.5,38.2
2014-03-07,Admiralty,0.0,27.2,32.1,23.9,12.1,36.7
2014-03-08,Admiralty,0.0,27.4,32.8,24.5,11.9,37.8
2014-03-09,Admiralty,0.0,27.0,32.6,23.6,13.0,40.0
2014-03-10,Admiralty,0.0,27.2,31.4,24.2,13.8,42.1
2014-03-11,Admiralty,0.0,27.6,33.3,24.0,13.9,42.5
2014-03-12,Admiralty,0.0,27.7,33.4,24.7,13.1,36.7
2014-03-13,Admiralty,0.0,28.0,33.8,24.6,11.9,38.2
2014-03-14,Admiralty,0.0,28.2,33.5,25.1,11.6,40.7
2014-03-15,Admiralty,0.0,28.0,31.8,25.6,14.0,43.6
2014-03-16,Admiralty,25.4,25.4,27.0,23.6,7.8,44.3
2014-03-17,Admiralty,29.6,25.7,28.0,23.8,8.2,35.6
2014-03-18,Admiralty,21.2,26.1,30.1,24.5,7.2,38.2
2014-03-19,Admiralty,21.8,25.9,31.2,24.2,6.6,29.9
2014-03-20,Admiralty,2.4,26.5,31.4,25.0,7.0,32.0
2014-03-21,Admiralty,5.0,27.3,33.1,24.8,6.9,34.6
2014-03-22,Admiralty,0.0,27.0,31.0,24.3,11.4,34.2
2014-03-23,Admiralty,0.0,27.4,32.2,24.1,12.2,43.6
2014-03-24,Admiralty,0.0,27.6,32.2,24.7,11.8,36.7
2014-03-25,Admiralty,0.0,27.9,32.6,25.0,12.8,43.2
2014-03-26,Admiralty,0.0,28.2,32.7,25.4,12.0,35.6
2014-03-27,Admiralty,0.0,28.6,33.8,25.4,10.3,35.3
2014-03-28,Admiralty,10.0,28.3,34.0,25.6,9.6,32.8
2014-03-29,Admiralty,4.6,27.7,32.6,24.8,7.6,45.7
2014-03-30,Admiralty,0.0,28.0,32.7,25.6,7.3,31.3
2014-03-31,Admiralty,0.0,28.5,32.9,25.8,8.9,31.3
2014-04-01,Admiralty,3.0,28.1,33.1,25.7,6.7,22.7
2014-04-02,Admiralty,0.2,28.3,31.9,25.9,7.0,22.0
2014-04-03,Admiralty,0.0,29.0,33.8,26.5,8.9,36.4
2014-04-04,Admiralty,0.0,28.0,34.0,25.5,6.4,30.6
2014-04-05,Admiralty,3.0,26.3,28.1,24.2,7.3,27.4
2014-04-06,Admiralty,2.0,28.0,31.8,25.2,8.6,32.4
2014-04-07,Admiralty,0.0,28.8,34.5,24.9,7.9,22.7
2014-04-08,Admiralty,10.8,27.7,33.8,25.0,7.4,36.7
2014-04-09,Admiralty,10.4,27.5,34.2,24.4,6.6,34.6
2014-04-10,Admiralty,0.8,27.4,30.9,25.3,6.8,21.2
2014-04-11,Admiralty,44.2,27.3,33.7,22.4,6.9,38.2
2014-04-12,Admiralty,2.4,26.6,30.0,23.8,6.0,36.0
2014-04-13,Admiralty,12.2,28.3,34.5,25.3,5.5,34.6
2014-04-14,Admiralty,60.4,27.6,35.8,23.0,6.1,47.9
2014-04-15,Admiralty,0.0,28.4,34.7,24.9,7.3,36.0
2014-04-16,Admiralty,6.6,28.1,33.6,25.2,5.8,37.1
2014-04-17,Admiralty,13.0,27.8,32.4,24.8,5.8,29.9
2014-04-18,Admiralty,0.2,27.2,30.1,26.2,5.4,31.0
2014-04-19,Admiralty,0.0,28.7,33.7,25.3,6.7,25.6
2014-04-20,Admiralty,11.8,27.6,30.5,24.6,6.7,41.4
2014-04-21,Admiralty,5.8,26.5,29.3,25.4,6.0,27.4
2014-04-22,Admiralty,0.2,27.3,34.9,24.8,5.7,30.6
2014-04-23,Admiralty,2.0,27.8,33.5,24.8,5.6,40.7
2014-04-24,Admiralty,9.4,28.0,33.8,24.6,7.4,40.0
2014-04-25,Admiralty,49.2,27.8,34.5,24.0,5.5,34.6
2014-04-26,Admiralty,1.8,27.9,34.9,25.6,5.6,28.8
2014-04-27,Admiralty,0.0,28.0,33.2,25.5,6.5,28.8
2014-04-28,Admiralty,0.2,28.5,32.3,25.5,6.9,26.3
2014-04-29,Admiralty,0.0,28.2,31.6,25.8,7.3,34.9
2014-04-30,Admiralty,11.8,27.8,32.7,25.7,5.4,20.5
2014-05-01,Admiralty,0.2,28.0,31.0,24.5,6.6,44.3
2014-05-02,Admiralty,0.0,29.5,33.2,26.3,5.5,22.0
2014-05-03,Admiralty,38.6,28.6,34.7,25.5,7.7,37.4
2014-05-04,Admiralty,0.0,28.9,33.3,26.2,6.8,29.9
2014-05-05,Admiralty,4.4,28.9,33.6,26.6,7.0,30.2
2014-05-06,Admiralty,0.0,29.5,33.8,26.5,7.9,28.8
2014-05-07,Admiralty,3.4,28.0,34.2,25.2,7.2,39.2
2014-05-08,Admiralty,46.0,27.2,32.7,23.0,5.6,43.2
2014-05-09,Admiralty,21.8,28.1,32.2,25.8,6.4,37.8
2014-05-10,Admiralty,0.0,29.6,34.9,26.9,5.8,21.6
2014-05-11,Admiralty,36.4,27.7,33.7,24.2,5.7,31.7
2014-05-12,Admiralty,0.8,27.9,32.0,25.5,4.7,28.4
2014-05-13,Admiralty,0.0,28.6,33.0,25.3,6.6,30.6
2014-05-14,Admiralty,12.2,27.7,30.6,24.5,8.9,38.2
2014-05-15,Admiralty,0.0,29.3,33.4,26.7,5.5,27.0
2014-05-16,Admiralty,13.0,28.3,31.3,23.3,6.1,46.4
2014-05-17,Admiralty,11.0,28.1,31.4,24.9,6.2,35.3
2014-05-18,Admiralty,4.6,26.6,29.0,24.5,4.3,38.2
2014-05-19,Admiralty,29.4,27.1,30.2,22.7,6.3,43.9
2014-05-20,Admiralty,5.0,27.2,33.2,23.6,5.4,27.0
2014-05-21,Admiralty,11.2,27.6,32.7,25.0,6.2,37.8
2014-05-22,Admiralty,0.0,28.8,32.7,25.7,5.6,24.1
2014-05-23,Admiralty,1.8,27.0,30.6,24.2,6.0,31.0
2014-05-24,Admiralty,0.0,28.4,33.3,24.7,7.4,33.5
2014-05-25,Admiralty,16.6,28.8,33.6,26.3,5.5,28.1
2014-05-26,Admiralty,23.0,27.4,31.1,25.2,5.7,21.6
2014-05-27,Admiralty,0.0,27.7,30.7,25.6,7.3,31.3
2014-05-28,Admiralty,10.2,28.5,33.0,24.6,6.0,31.3
2014-05-29,Admiralty,1.2,28.7,33.0,25.0,5.2,21.6
2014-05-30,Admiralty,10.2,27.7,31.6,26.0,6.8,31.3
2014-05-31,Admiralty,0.0,29.0,32.3,26.0,6.2,30.6
2014-06-01,Admiralty,23.8,28.3,31.7,25.6,5.6,32.0
2014-06-02,Admiralty,10.2,28.4,31.2,25.8,4.2,24.8
2014-06-03,Admiralty,0.0,29.3,31.8,26.7,5.0,20.5
2014-06-04,Admiralty,4.0,27.5,29.0,26.4,5.7,25.9
2014-06-05,Admiralty,7.2,26.6,30.0,24.4,7.8,36.0
2014-06-06,Admiralty,41.8,27.1,32.0,24.1,5.8,46.4
2014-06-07,Admiralty,0.4,28.5,32.3,25.3,6.2,29.9
2014-06-08,Admiralty,0.0,30.2,34.1,27.3,6.1,25.2
2014-06-09,Admiralty,16.8,29.1,34.5,24.0,5.5,53.3
2014-06-10,Admiralty,0.4,28.8,34.0,25.9,6.1,25.9
2014-06-11,Admiralty,0.0,30.0,33.7,27.8,5.9,34.2
2014-06-12,Admiralty,5.2,28.7,32.6,23.6,7.3,60.5
2014-06-13,Admiralty,0.0,30.0,33.4,27.7,5.9,23.4
2014-06-14,Admiralty,18.0,27.4,29.4,22.9,5.1,58.7
2014-06-15,Admiralty,0.0,29.2,32.4,26.3,5.8,26.3
2014-06-16,Admiralty,0.0,30.0,33.5,27.9,7.0,33.8
2014-06-17,Admiralty,0.0,30.4,33.8,28.2,7.2,22.7
2014-06-18,Admiralty,10.6,28.6,32.9,23.3,8.0,47.9
2014-06-19,Admiralty,2.6,29.2,33.9,24.8,6.8,40.7
2014-06-20,Admiralty,0.0,30.4,33.9,28.1,6.7,25.6
2014-06-21,Admiralty,0.0,30.8,34.3,28.3,6.7,30.6
2014-06-22,Admiralty,0.0,29.9,33.3,27.3,7.5,28.8
2014-06-23,Admiralty,0.0,29.7,32.2,27.7,6.7,36.7
2014-06-24,Admiralty,1.2,29.3,33.2,25.3,5.6,24.5
2014-06-25,Admiralty,27.6,28.5,32.0,22.6,7.9,58.3
2014-06-26,Admiralty,0.0,29.5,32.8,27.1,6.1,32.8
2014-06-27,Admiralty,0.0,27.4,29.7,25.3,7.6,37.4
2014-06-28,Admiralty,0.0,28.9,32.8,26.5,5.4,23.0
2014-06-29,Admiralty,3.6,28.6,31.5,25.8,5.2,29.2
2014-06-30,Admiralty,22.6,27.2,30.5,23.0,6.3,38.5
2014-07-01,Admiralty,1.2,28.0,33.3,25.1,5.4,33.8
2014-07-02,Admiralty,0.0,28.7,32.0,25.2,6.0,27.7
2014-07-03,Admiralty,0.2,28.5,31.6,25.8,5.5,25.2
2014-07-04,Admiralty,0.0,28.6,30.9,27.4,4.9,33.5
2014-07-05,Admiralty,34.4,27.1,29.9,23.6,6.1,38.9
2014-07-06,Admiralty,0.0,28.4,31.2,26.2,5.0,29.5
2014-07-07,Admiralty,53.8,28.0,32.0,23.2,7.9,43.6
2014-07-08,Admiralty,18.2,27.7,31.0,22.9,7.4,41.4
2014-07-09,Admiralty,28.8,27.2,29.2,22.9,6.5,32.0
2014-07-10,Admiralty,1.0,28.4,33.1,26.5,6.1,23.0
2014-07-11,Admiralty,15.8,27.2,31.7,24.8,5.9,33.1
2014-07-12,Admiralty,0.0,27.1,30.2,24.2,8.3,34.2
2014-07-13,Admiralty,0.0,29.1,33.4,26.3,6.7,29.5
2014-07-14,Admiralty,0.0,30.0,33.9,27.6,6.5,25.6
2014-07-15,Admiralty,0.0,29.8,32.1,28.3,7.3,24.5
2014-07-16,Admiralty,0.0,29.2,33.4,26.7,7.1,26.3
2014-07-17,Admiralty,0.0,27.7,30.3,25.1,6.4,28.4
2014-07-18,Admiralty,0.0,29.3,32.0,27.2,6.4,27.0
2014-07-19,Admiralty,0.0,29.1,32.3,27.7,6.1,42.8
2014-07-20,Admiralty,0.0,29.4,33.9,26.3,5.8,28.1
2014-07-21,Admiralty,0.0,29.5,32.3,27.3,7.0,27.4
2014-07-22,Admiralty,0.0,29.5,32.6,27.5,7.8,37.4
2014-07-23,Admiralty,2.4,29.6,32.2,27.4,6.6,40.0
2014-07-24,Admiralty,0.0,29.5,32.7,27.4,6.5,26.6
2014-07-25,Admiralty,0.0,30.0,33.4,27.5,7.4,28.4
2014-07-26,Admiralty,0.0,30.2,33.8,27.7,7.7,29.2
2014-07-27,Admiralty,31.2,28.1,31.9,22.0,6.8,62.6
2014-07-28,Admiralty,0.0,28.9,32.5,26.4,5.9,31.7
2014-07-29,Admiralty,13.6,27.2,30.3,23.1,6.6,54.0
2014-07-30,Admiralty,37.0,27.0,32.4,24.5,5.7,50.4
2014-07-31,Admiralty,0.2,27.4,29.7,24.8,6.1,30.6
2014-08-01,Admiralty,0.6,28.5,31.8,26.5,6.6,23.4
2014-08-02,Admiralty,6.4,28.7,32.2,24.8,7.2,45.0
2014-08-03,Admiralty,0.0,28.7,31.7,25.3,6.7,28.8
2014-08-04,Admiralty,0.0,29.2,32.3,26.9,6.8,31.7
2014-08-05,Admiralty,1.2,26.5,28.6,23.6,8.1,49.0
2014-08-06,Admiralty,12.0,27.3,30.3,23.6,5.1,33.8
2014-08-07,Admiralty,0.0,27.4,30.9,25.7,6.1,30.6
2014-08-08,Admiralty,0.6,27.8,30.9,25.7,5.4,24.5
2014-08-09,Admiralty,0.0,28.7,32.2,26.5,9.3,39.2
2014-08-10,Admiralty,13.4,27.3,31.6,24.4,5.8,42.1
2014-08-11,Admiralty,35.6,27.3,31.1,23.5,4.9,38.9
2014-08-12,Admiralty,0.0,27.2,30.6,24.5,5.4,33.5
2014-08-13,Admiralty,0.0,26.4,28.9,24.6,5.7,22.7
2014-08-14,Admiralty,2.6,26.8,29.5,25.4,6.0,31.7
2014-08-15,Admiralty,-0.6309424132381604,27.549602382032813,30.665030518064302,26.52059523285871,6.350886302546937,44.53747458866976
2014-08-16,Admiralty,-7.188688473537204,28.284625913601207,31.66767356269908,27.68649249851275,6.741877488188858,55.17361030376116
2014-08-17,Admiralty,-16.731967391805302,29.002295236102487,32.51714734850747,28.886676563091104,7.167190084371107,63.74306078600431
2014-08-18,Admiralty,-28.91950837895063,29.69983499093394,33.22267009009258,30.110132192722755,7.621040618539029,70.38047967612924
2014-08-19,Admiralty,-43.410040645881345,30.374469819492873,33.79346000205756,31.34584415353668,8.097645618137967,75.22052061486603
2014-08-20,Admiralty,-59.86229340350567,31.02342436317658,34.23873529900554,32.58279721166188,8.59122161061327,78.39783724294477
2014-08-21,Admiralty,-77.9349958627317,31.643923263382344,34.56771419553963,33.809976133227316,9.095985123410278,80.04708320109553
2014-08-22,Admiralty,-97.2868772344677,32.23319116150747,34.789614906262976,35.016365684361986,9.606152683974338,80.3029121300484
2014-08-23,Admiralty,-117.57666672962173,32.78845269894926,34.91365564577868,36.19095063119485,10.115940819750792,79.29997767053337
2014-08-24,Admiralty,-138.46309355910213,33.306932517105004,34.94905462868991,37.32271573985493,10.619566058184988,77.17293346328059
2014-08-25,Admiralty,-159.6048869338169,33.785855257372006,34.905030069599746,38.400645776471166,11.111244926722268,74.05643314902008
2014-08-26,Admiralty,-180.66077606467428,34.22244556114755,34.790800183111344,39.41372550717255,11.585193952807975,70.08513036848193
2014-08-27,Admiralty,-201.2894901625825,34.61392806982894,34.61558318382783,40.35093969808807,12.035629663887457,65.39367876239619
2014-08-28,Admiralty,-221.14975843844968,34.95752742481347,34.388597286352336,41.20127311534673,12.456768587406058,60.116731971492996
2014-08-29,Admiralty,-239.90031010318395,35.25046826749843,34.119060705287964,41.95371052507747,12.842827250809119,54.38894363650234
2014-08-30,Admiralty,-257.19987436769355,35.48997523928114,33.816191655237866,42.59723669340931,13.188022181541989,48.344967398154324
2014-08-31,Admiralty,-272.7071804428866,35.67327298155886,33.48920835080517,43.120836386471204,13.486569907050008,42.11945689717904
2014-10-01,Admiralty,-286.08095753967143,35.79758613572892,33.147329006593,43.51349437039215,13.732686954778524,35.84706577430652
2014-10-02,Admiralty,-296.9799348689561,35.8601393431886,32.799771837204474,43.76419541130113,13.920589852172881,29.662447670266857
2014-10-03,Admiralty,-305.0628416416486,35.85815724533519,32.45575505724272,43.86192427532711,14.04449512667842,23.70025622579011
2014-10-04,Admiralty,-309.9884070686574,35.78886448356601,32.12449688131088,43.795665728599104,14.098619305740492,18.095145081606354
2014-10-05,Admiralty,-311.4153603608906,35.64948569927833,31.81521552401209,43.554404537246064,14.077178916804439,12.98176787844566
2014-10-06,Admiralty,-309.00243072925616,35.43724553386947,31.53712919994944,43.12712546739698,13.974390487315599,8.494778257038085
2014-10-07,Admiralty,-302.40834738466253,35.14936862873671,31.299456123726078,42.502813285180835,13.78447054471932,4.768829858113724
2014-10-08,Admiralty,-291.29183953801777,34.78307962527734,31.111414509945142,41.670452756726625,13.501635616460954,1.9385763224026284
2014-10-09,Admiralty,-275.31163640023,34.335603164888674,30.98222257320975,40.61902864816331,13.120102229985834,0.13867129063487482
2014-10-10,Admiralty,-254.12646718220756,33.804163888968006,30.921098528123032,39.33752572561989,12.634086912739317,-0.4962315964594666
2014-10-11,Admiralty,-227.39506109485845,33.18598643891262,30.937260589288115,37.81492875522533,12.037806192166734,0.16852130184966896
2014-10-12,Admiralty,-194.776147349091,32.478295456119824,31.039926971308127,36.04022250310864,11.325476595713441,2.2675836262923497
2014-10-13,Admiralty,-155.92845515581317,31.678315581986904,31.238315888786197,34.00239173539878,10.491314650824776,5.9356090175986616
2014-10-14,Admiralty,-110.51071372593327,30.78327145791117,31.54164555632544,31.690421218224728,9.529536884946085,11.307251116498662
2014-10-15,Admiralty,-58.1816522703595,29.790387725289907,31.959134188529006,29.093295717715474,8.43435982552271,18.517163563722416
2014-10-16,Admiralty,1.4,28.69688902552042,32.5,26.2,7.2,27.7
2014-10-17,Admiralty,41.8,27.5,32.6,24.1,6.4,38.5
2014-10-18,Admiralty,0.2,26.8,31.6,25.2,6.9,42.1
2014-10-19,Admiralty,1.6,28.1,33.6,24.4,5.3,24.8
2014-10-20,Admiralty,0.0,28.3,33.0,25.4,5.7,26.6
2014-10-21,Admiralty,-1.3505652068049316,26.74164985585349,29.469495658820648,25.18786784355609,4.118739316205515,20.16606950447375
2014-10-22,Admiralty,0.0,26.1,28.3,24.6,3.7,15.8
2014-10-23,Admiralty,0.0,28.1,32.4,25.2,6.7,26.3
2014-10-24,Admiralty,0.0,29.3,34.3,25.4,6.0,25.6
2014-10-25,Admiralty,0.0,29.4,34.2,26.0,7.2,28.1
2014-10-26,Admiralty,0.0,29.0,33.3,26.9,8.7,38.9
2014-10-27,Admiralty,0.0,27.1,31.7,24.3,6.9,49.0
2014-10-28,Admiralty,0.0,27.7,32.8,25.0,5.8,36.0
2014-10-29,Admiralty,0.0,29.0,34.2,25.6,7.7,31.3
2014-10-30,Admiralty,0.0,28.0,33.4,25.7,6.3,25.2
2014-10-31,Admiralty,0.0,27.3,33.9,24.0,5.7,37.4
2014-11-01,Admiralty,0.0,28.1,31.9,25.6,7.3,23.4
2014-11-02,Admiralty,0.0,29.2,33.2,26.0,5.6,23.8
2014-11-03,Admiralty,0.0,29.8,33.6,25.9,5.3,24.8
2014-11-04,Admiralty,0.0,29.7,33.8,26.5,8.2,29.2
2014-11-05,Admiralty,0.0,27.6,34.5,23.6,6.9,30.2
2014-11-06,Admiralty,0.0,26.1,31.4,23.4,8.1,50.0
2014-11-07,Admiralty,0.0,26.6,31.6,24.2,7.8,37.8
2014-11-08,Admiralty,0.0,27.1,31.6,24.0,7.4,28.4
2014-11-09,Admiralty,0.0,27.5,31.4,23.8,6.2,39.2
2014-11-10,Admiralty,0.0,27.3,30.7,25.5,6.5,31.7
2014-11-11,Admiralty,6.5,26.3,31.2,24.6,5.6,24.1
2014-11-12,Admiralty,31.8,26.6,33.2,23.4,4.6,41.4
2014-11-13,Admiralty,58.2,27.0,33.7,23.0,6.5,79.9
2014-11-14,Admiralty,0.4,27.0,31.1,24.5,8.9,34.6
2014-11-15,Admiralty,26.6,26.9,33.0,24.4,6.2,33.1
2014-11-16,Admiralty,1.2,26.2,30.8,25.0,5.6,31.0
2014-11-17,Admiralty,17.8,26.1,31.7,24.8,7.5,44.3
2014-11-18,Admiralty,3.0,25.6,27.1,24.8,5.9,17.3
2014-11-19,Admiralty,0.0,27.3,32.9,24.9,8.2,36.0
2014-11-20,Admiralty,10.8,26.9,31.6,25.2,7.7,28.4
2014-11-21,Admiralty,1.0,27.2,32.5,25.3,6.1,33.8
2014-11-22,Admiralty,6.4,27.5,33.5,25.5,5.4,36.7
2014-11-23,Admiralty,2.6,27.0,33.0,25.6,5.5,36.0
2014-11-24,Admiralty,1.0,27.6,32.6,24.9,6.6,36.4
2014-11-25,Admiralty,29.6,27.4,32.5,24.2,6.4,42.5
2014-11-26,Admiralty,33.2,27.1,33.1,24.2,7.8,71.3
2014-11-27,Admiralty,0.0,27.5,31.2,25.2,7.9,31.0
2014-11-28,Admiralty,0.0,27.9,31.5,26.0,7.4,29.9
2014-11-29,Admiralty,5.8,25.8,31.3,24.6,6.5,37.4
2014-11-30,Admiralty,0.0,27.6,31.2,24.6,5.6,22.3
2014-12-01,Admiralty,7.2,26.3,28.7,23.6,5.9,26.3
2014-12-02,Admiralty,0.0,27.7,31.7,25.3,6.1,26.6
2014-12-03,Admiralty,0.0,28.6,32.1,25.4,8.0,28.8
2014-12-04,Admiralty,45.2,25.8,27.9,23.4,6.8,48.6
2014-12-05,Admiralty,0.0,28.4,34.5,24.7,7.0,24.5
2014-12-06,Admiralty,9.6,26.8,29.5,23.6,8.5,53.3
2014-12-07,Admiralty,2.0,26.8,33.3,24.5,7.7,38.2
2014-12-08,Admiralty,0.2,27.0,30.1,24.9,8.4,28.8
2014-12-09,Admiralty,0.0,27.6,31.3,24.9,10.9,37.8
2014-12-10,Admiralty,0.0,27.8,32.2,25.5,11.4,33.8
2014-12-11,Admiralty,33.6,27.0,31.4,23.9,9.5,41.4
2014-12-12,Admiralty,0.0,28.0,31.7,25.3,11.6,38.5
2014-12-13,Admiralty,11.8,27.2,30.5,24.0,9.6,37.8
2014-12-14,Admiralty,0.0,28.1,32.0,25.4,8.9,29.9
2014-12-15,Admiralty,0.2,27.5,31.0,25.2,10.0,29.5
2014-12-16,Admiralty,1.8,26.5,29.1,24.8,7.3,20.2
2014-12-17,Admiralty,27.0,26.1,30.8,23.6,5.9,32.0
2014-12-18,Admiralty,10.8,27.2,32.1,24.0,10.1,38.9
2014-12-19,Admiralty,28.2,25.2,25.8,24.5,7.8,24.8
2014-12-20,Admiralty,0.0,26.8,32.9,24.9,7.9,41.0
2014-12-21,Admiralty,0.0,26.9,31.2,25.2,8.5,38.9
2014-12-22,Admiralty,0.0,26.7,30.8,24.4,7.3,24.1
2014-12-23,Admiralty,0.0,26.1,28.3,24.7,8.6,29.9
2014-12-24,Admiralty,0.4,26.6,32.4,24.8,7.6,27.4
2014-12-25,Admiralty,0.0,27.2,31.9,25.6,5.0,24.1
2014-12-26,Admiralty,25.0,25.2,28.1,23.7,7.4,31.3
2014-12-27,Admiralty,19.4,25.8,31.0,23.8,7.2,29.2
2014-12-28,Admiralty,1.8,26.0,29.7,24.3,10.5,35.6
2014-12-29,Admiralty,1.0,25.2,28.2,24.1,13.3,50.0
2014-12-30,Admiralty,0.0,24.8,26.0,23.9,12.1,45.7
2014-12-31,Admiralty,0.0,25.9,28.1,24.4,11.2,36.7
2015-01-01,Admiralty,0.0,25.8,27.2,24.7,11.5,32.8
2015-01-02,Admiralty,0.0,26.6,29.5,24.7,13.9,38.2
2015-01-03,Admiralty,0.0,26.8,30.3,24.2,13.2,36.4
2015-01-04,Admiralty,0.0,27.1,31.1,24.6,12.1,34.2
2015-01-05,Admiralty,0.0,27.5,31.8,24.5,9.9,30.2
2015-01-06,Admiralty,41.8,26.7,32.2,24.3,8.8,36.7
2015-01-07,Admiralty,7.8,26.0,30.7,24.8,8.1,27.4
2015-01-08,Admiralty,6.4,25.8,30.0,24.3,8.0,33.8
2015-01-09,Admiralty,0.6,24.6,26.2,23.7,9.9,29.9
2015-01-10,Admiralty,1.6,25.9,32.8,23.5,9.9,27.4
2015-01-11,Admiralty,0.4,26.5,29.8,24.6,11.2,35.6
2015-01-12,Admiralty,0.0,27.3,30.6,25.3,16.4,41.8
2015-01-13,Admiralty,0.0,27.1,31.2,24.6,15.9,41.4
2015-01-14,Admiralty,0.0,27.0,30.9,24.6,16.0,44.6
2015-01-15,Admiralty,0.0,27.0,31.0,24.7,15.5,42.5
2015-01-16,Admiralty,0.0,26.4,30.4,23.6,13.8,39.2
2015-01-17,Admiralty,0.0,26.5,30.9,23.5,14.1,37.1
2015-01-18,Admiralty,0.0,26.4,30.1,24.0,15.0,42.5
2015-01-19,Admiralty,0.0,26.3,30.5,23.7,14.6,38.9
2015-01-20,Admiralty,0.0,26.2,29.9,23.6,14.4,41.0
2015-01-21,Admiralty,16.0,26.1,30.2,24.2,12.8,40.3
2015-01-22,Admiralty,0.0,26.4,29.3,24.3,14.5,40.7
2015-01-23,Admiralty,0.0,26.1,29.4,23.7,14.7,44.3
2015-01-24,Admiralty,0.0,26.2,29.9,24.4,12.7,37.1
2015-01-25,Admiralty,0.0,26.2,29.8,24.0,12.9,36.4
2015-01-26,Admiralty,0.0,26.5,30.5,24.2,13.5,37.4
2015-01-27,Admiralty,0.0,26.8,30.8,23.9,13.2,34.6
2015-01-28,Admiralty,1.8,26.5,31.8,23.5,10.6,32.4
2015-01-29,Admiralty,0.0,26.2,28.9,24.5,13.1,31.7
2015-01-30,Admiralty,0.0,26.5,30.1,24.5,12.9,39.6
2015-01-31,Admiralty,0.0,26.9,31.3,24.6,15.7,43.6
2015-02-01,Admiralty,0.0,26.2,30.4,23.4,13.9,48.6
2015-02-02,Admiralty,0.0,25.9,28.4,23.9,10.9,41.8
2015-02-03,Admiralty,0.0,25.8,28.8,24.0,12.3,34.9
2015-02-04,Admiralty,7.0,25.1,27.1,23.1,11.5,34.2
2015-02-05,Admiralty,0.0,26.3,29.8,24.5,16.5,50.4
2015-02-06,Admiralty,14.0,25.7,29.3,23.6,14.8,48.6
2015-02-07,Admiralty,0.0,26.0,29.3,24.0,15.5,48.6
2015-02-08,Admiralty,0.0,25.9,29.4,23.5,15.9,42.1
2015-02-09,Admiralty,0.0,26.2,29.7,24.3,17.2,50.8
2015-02-10,Admiralty,0.0,26.327922773799603,29.512333426699968,24.81136959705984,17.139504571464805,57.566947139052424
2015-02-11,Admiralty,0.0,26.18404770851524,28.985941046577338,24.639993926655894,15.789705575950155,57.575111242396126
2015-02-12,Admiralty,0.0,25.96621125633107,28.60338195310473,24.112933457722026,14.270053792460423,52.89980177621361
2015-02-13,Admiralty,0.0,25.872249869431272,28.84721523975474,23.557248659192105,13.7,45.61632820668739
2015-02-14,Admiralty,0.0,26.1,30.2,23.3,14.0,37.8
2015-02-15,Admiralty,0.0,26.7,32.2,23.5,12.9,33.8
2015-02-16,Admiralty,0.0,27.1,32.0,23.9,14.7,39.2
2015-02-17,Admiralty,0.0,27.0,31.3,24.5,15.6,38.9
2015-02-18,Admiralty,0.0,27.2,31.8,23.9,12.5,40.3
2015-02-19,Admiralty,1.4,26.4,31.7,23.4,13.3,42.5
2015-02-20,Admiralty,0.0,27.0,31.6,24.5,14.7,37.1
2015-02-21,Admiralty,0.0,26.8,31.4,24.1,13.6,34.2
2015-02-22,Admiralty,0.0,26.7,31.1,24.0,13.5,37.4
2015-02-23,Admiralty,42.6,26.8,34.1,23.6,10.4,38.9
2015-02-24,Admiralty,0.2,26.9,29.6,24.7,12.9,35.3
2015-02-25,Admiralty,0.0,27.3,32.7,24.7,11.7,38.2
2015-02-26,Admiralty,0.0,27.0,30.8,24.6,12.3,33.1
2015-02-27,Admiralty,0.0,27.4,32.3,24.4,14.5,40.3
2015-02-28,Admiralty,0.0,27.8,32.8,24.7,14.4,38.5
2015-03-01,Admiralty,0.0,28.0,32.8,25.0,12.6,38.9
2015-03-02,Admiralty,0.0,27.5,32.3,24.8,10.7,41.4
2015-03-03,Admiralty,0.0,27.8,32.1,25.3,10.7,36.4
2015-03-04,Admiralty,0.2,27.5,33.5,25.5,10.2,34.2
2015-03-05,Admiralty,0.0,27.6,33.2,24.6,10.6,34.6
2015-03-06,Admiralty,0.0,27.7,32.5,24.4,9.4,29.9
2015-03-07,Admiralty,0.0,28.0,32.4,25.0,13.0,36.0
2015-03-08,Admiralty,0.0,27.8,33.5,25.3,8.8,36.4
2015-03-09,Admiralty,3.2,27.1,31.3,25.1,11.5,43.6
2015-03-10,Admiralty,0.0,27.5,31.9,24.4,11.6,46.1
2015-03-11,Admiralty,8.4,25.4,26.9,24.3,10.1,34.6
2015-03-12,Admiralty,0.0,27.1,30.9,24.9,10.8,36.4
2015-03-13,Admiralty,0.0,27.2,32.2,24.4,12.2,33.8
2015-03-14,Admiralty,0.0,27.4,32.9,24.4,10.9,30.6
2015-03-15,Admiralty,0.0,27.4,31.0,24.9,11.6,31.0
2015-03-16,Admiralty,1.6,27.3,33.9,25.6,8.5,31.0
2015-03-17,Admiralty,2.6,28.0,33.3,25.5,11.0,27.4
2015-03-18,Admiralty,0.0,28.3,34.5,25.9,11.7,35.6
2015-03-19,Admiralty,26.6,28.0,33.9,26.2,10.7,33.8
2015-03-20,Admiralty,0.2,28.3,33.1,24.7,8.5,38.2
2015-03-21,Admiralty,16.4,27.9,35.0,24.9,8.6,45.4
2015-03-22,Admiralty,37.4,26.9,32.6,23.1,8.3,57.6
2015-03-23,Admiralty,0.0,28.0,33.9,25.2,11.1,33.5
2015-03-24,Admiralty,0.0,27.9,31.0,25.9,12.8,35.6
2015-03-25,Admiralty,0.0,28.4,32.7,26.1,15.8,45.7
2015-03-26,Admiralty,0.0,28.4,31.9,26.1,15.7,46.4
2015-03-27,Admiralty,0.0,28.4,32.2,26.0,14.7,42.1
2015-03-28,Admiralty,3.0,27.6,30.2,26.2,11.7,42.8
2015-03-29,Admiralty,4.8,26.7,29.6,25.0,8.8,42.8
2015-03-30,Admiralty,0.0,28.2,32.5,25.6,11.8,36.0
2015-03-31,Admiralty,34.2,27.3,32.9,24.8,7.4,38.5
2015-05-01,Admiralty,0.2,27.6,31.7,25.5,5.1,28.1
2015-05-02,Admiralty,7.6,27.7,29.8,25.2,6.6,32.8
2015-05-03,Admiralty,87.2,26.8,29.5,23.6,5.7,38.9
2015-05-04,Admiralty,0.0,27.4,32.6,25.1,5.2,34.2
2015-05-05,Admiralty,0.0,28.5,33.5,25.1,5.8,24.5
2015-05-06,Admiralty,0.0,28.8,33.8,26.5,6.3,25.6
2015-05-07,Admiralty,8.0,28.3,31.6,26.5,6.3,30.2
2015-05-08,Admiralty,4.4,28.3,31.4,26.5,6.1,34.2
2015-05-09,Admiralty,0.0,29.2,33.1,26.2,6.5,30.2
2015-05-10,Admiralty,0.0,29.2,33.8,27.4,6.9,26.6
2015-05-11,Admiralty,0.0,29.9,33.4,27.3,9.3,27.0
2015-05-12,Admiralty,18.0,28.9,32.1,25.3,7.0,36.0
2015-05-13,Admiralty,8.8,28.0,31.1,26.0,5.9,33.8
2015-05-14,Admiralty,1.2,28.2,33.5,25.2,6.7,36.0
2015-05-15,Admiralty,0.4,27.0,29.7,26.0,4.3,27.0
2015-05-16,Admiralty,13.6,28.0,31.9,25.8,4.8,28.8
2015-05-17,Admiralty,8.0,28.5,33.9,25.8,6.2,34.9
2015-05-18,Admiralty,33.0,27.9,31.7,25.2,4.7,33.8
2015-05-19,Admiralty,2.2,28.6,34.0,26.2,5.5,29.2
2015-05-20,Admiralty,38.0,27.5,31.7,25.4,6.0,37.1
2015-05-21,Admiralty,0.4,28.9,33.3,25.7,6.3,26.3
2015-05-22,Admiralty,0.8,28.8,32.7,27.1,5.6,30.6
2015-05-23,Admiralty,5.0,26.8,28.3,25.2,6.1,30.6
2015-05-24,Admiralty,0.0,28.9,33.4,26.3,5.8,23.4
2015-05-25,Admiralty,18.4,27.9,31.7,25.9,5.0,23.0
2015-05-26,Admiralty,5.8,27.8,32.9,24.9,6.6,28.8
2015-05-27,Admiralty,0.0,28.2,32.6,24.9,6.0,30.2
2015-05-28,Admiralty,0.0,28.9,32.4,26.1,5.5,20.9
2015-05-29,Admiralty,0.4,29.8,33.4,27.0,6.8,31.0
2015-05-30,Admiralty,0.0,30.0,34.3,27.2,8.8,34.9
2015-05-31,Admiralty,0.0,29.1,33.1,26.1,5.5,32.8
2015-06-01,Admiralty,0.0,28.9,34.2,26.0,5.6,22.3
2015-06-02,Admiralty,5.2,28.6,35.1,25.4,8.2,36.7
2015-06-03,Admiralty,0.0,28.8,33.1,25.0,6.4,21.6
2015-06-04,Admiralty,0.6,28.8,33.5,26.4,6.6,24.5
2015-06-05,Admiralty,0.0,28.4,34.8,25.8,4.8,28.4
2015-06-06,Admiralty,6.6,27.5,32.3,25.1,5.2,37.8
2015-06-07,Admiralty,2.8,27.7,30.8,25.7,4.3,19.1
2015-06-08,Admiralty,0.0,28.3,31.0,26.1,5.3,28.4
2015-06-09,Admiralty,0.0,27.5,29.8,25.8,8.3,31.7
2015-06-10,Admiralty,0.2,29.0,32.4,26.8,6.0,23.4
2015-06-11,Admiralty,5.4,27.9,32.6,25.3,5.5,40.0
2015-06-12,Admiralty,11.8,26.4,28.7,24.4,5.1,47.2
2015-06-13,Admiralty,0.0,28.0,31.7,25.8,6.2,20.5
2015-06-14,Admiralty,10.4,26.3,28.1,24.2,8.2,42.8
2015-06-15,Admiralty,0.0,27.9,31.1,25.7,4.7,28.4
2015-06-16,Admiralty,13.4,26.9,29.7,23.4,4.9,40.0
2015-06-17,Admiralty,5.6,27.5,30.7,25.2,5.2,32.0
2015-06-18,Admiralty,0.0,29.2,32.9,26.6,6.2,22.7
2015-06-19,Admiralty,0.0,29.2,32.0,27.1,6.9,28.4
2015-06-20,Admiralty,0.0,29.7,33.2,27.3,6.9,27.0
2015-06-21,Admiralty,0.0,30.0,33.8,27.9,6.9,27.4
2015-06-22,Admiralty,0.0,30.1,33.5,27.7,7.0,25.2
2015-06-23,Admiralty,0.0,29.9,33.3,27.9,7.4,30.2
2015-06-24,Admiralty,0.0,29.8,32.9,27.6,7.6,32.4
2015-06-25,Admiralty,0.0,29.7,32.6,27.6,7.4,26.3
2015-06-26,Admiralty,0.0,29.7,33.1,27.6,8.1,26.3
2015-06-27,Admiralty,0.0,29.9,33.4,27.3,7.5,25.2
2015-06-28,Admiralty,0.0,29.9,33.2,27.8,7.7,29.5
2015-06-29,Admiralty,0.0,30.0,33.8,27.2,6.3,25.9
2015-06-30,Admiralty,0.0,30.1,34.0,26.8,6.4,23.8
2015-07-01,Admiralty,0.2,28.2,30.0,24.1,6.0,43.2
2015-07-02,Admiralty,4.0,28.9,32.2,26.7,5.8,31.0
2015-07-03,Admiralty,0.0,29.2,32.4,27.1,7.3,28.1
2015-07-04,Admiralty,16.2,27.4,29.1,23.5,6.9,54.0
2015-07-05,Admiralty,0.0,29.4,33.6,26.7,7.0,28.4
2015-07-06,Admiralty,0.0,29.3,32.2,27.3,7.4,28.1
2015-07-07,Admiralty,0.0,29.3,31.9,27.5,7.2,25.6
2015-07-08,Admiralty,4.4,28.5,32.3,23.8,6.2,58.0
2015-07-09,Admiralty,0.0,29.2,32.4,26.6,7.2,40.3
2015-07-10,Admiralty,0.6,28.9,31.2,25.5,7.1,37.4
2015-07-11,Admiralty,0.2,29.3,32.8,26.5,6.4,31.3
2015-07-12,Admiralty,0.0,29.4,33.2,27.3,7.5,26.3
2015-07-13,Admiralty,0.0,29.2,31.5,27.8,7.7,27.0
2015-07-14,Admiralty,27.6,28.2,32.1,22.8,7.9,55.1
2015-07-15,Admiralty,0.0,29.2,32.5,27.3,5.9,21.2
2015-07-16,Admiralty,0.2,28.9,32.6,27.2,6.9,36.4
2015-07-17,Admiralty,16.4,28.2,31.7,24.8,7.2,45.7
2015-07-18,Admiralty,6.4,29.3,32.8,26.7,8.5,34.2
2015-07-19,Admiralty,0.0,29.6,32.8,27.4,6.8,29.9
2015-07-20,Admiralty,0.0,29.5,33.2,27.3,7.5,36.0
2015-07-21,Admiralty,4.0,29.0,33.9,26.3,7.7,32.0
2015-07-22,Admiralty,0.0,29.5,33.7,26.2,10.3,32.8
2015-07-23,Admiralty,0.0,29.0,32.8,27.6,9.6,31.0
2015-07-24,Admiralty,0.4,28.5,33.5,25.3,8.0,43.9
2015-07-25,Admiralty,0.0,29.6,34.1,25.7,7.1,28.8
2015-07-26,Admiralty,13.4,28.3,32.0,24.8,6.8,52.9
2015-07-27,Admiralty,0.0,28.4,31.8,25.2,7.0,37.8
2015-07-28,Admiralty,40.4,28.0,31.3,24.0,8.7,37.8
2015-07-29,Admiralty,0.0,29.0,32.6,26.9,10.4,33.5
2015-07-30,Admiralty,2.6,28.0,32.8,25.8,5.3,31.3
2015-07-31,Admiralty,39.2,26.5,32.1,23.2,5.5,39.6
2015-08-01,Admiralty,1.6,26.7,30.3,23.5,7.5,26.3
2015-08-02,Admiralty,0.0,28.9,33.1,25.6,6.3,29.5
2015-08-03,Admiralty,6.2,26.3,28.5,23.9,6.4,35.6
2015-08-04,Admiralty,10.8,27.1,30.8,24.1,5.5,26.3
2015-08-05,Admiralty,0.0,28.4,32.0,26.6,6.2,25.6
2015-08-06,Admiralty,15.0,26.9,30.3,24.4,5.9,42.5
2015-08-07,Admiralty,7.0,27.0,30.0,24.2,5.1,37.8
2015-08-08,Admiralty,0.2,28.0,31.3,25.1,5.7,23.8
2015-08-09,Admiralty,10.4,27.3,30.8,23.2,7.3,63.4
2015-08-10,Admiralty,0.0,28.9,31.9,26.6,8.6,34.2
2015-08-11,Admiralty,12.4,27.9,31.8,26.1,6.4,43.9
2015-08-12,Admiralty,0.8,26.6,27.9,25.1,6.4,26.6
2015-08-13,Admiralty,0.0,28.4,32.7,25.9,8.0,37.1
2015-08-14,Admiralty,0.0,29.0,32.4,26.6,7.7,31.7
2015-08-15,Admiralty,0.0,29.1,32.8,27.2,9.7,33.8
2015-08-16,Admiralty,0.0,28.8,32.3,27.3,8.4,44.3
2015-08-17,Admiralty,0.8,28.7,31.6,26.5,7.0,42.5
2015-08-18,Admiralty,0.0,29.2,32.9,26.8,7.8,29.5
2015-08-19,Admiralty,0.0,29.3,32.8,26.8,6.7,28.4
2015-08-20,Admiralty,0.0,29.4,32.4,27.2,6.0,32.8
2015-08-21,Admiralty,16.8,28.2,31.4,24.9,6.9,29.2
2015-08-22,Admiralty,0.0,28.9,32.4,26.6,6.4,33.5
2015-08-23,Admiralty,0.0,29.0,32.6,27.2,10.0,33.1
2015-08-24,Admiralty,0.0,28.9,31.6,27.4,7.7,27.7
2015-08-25,Admiralty,1.0,27.7,31.2,25.7,6.4,36.7
2015-08-26,Admiralty,0.0,28.3,32.2,25.9,6.4,26.6
2015-08-27,Admiralty,0.0,28.6,32.6,25.4,9.6,29.9
2015-08-28,Admiralty,0.0,29.0,32.8,26.2,10.2,32.8
2015-08-29,Admiralty,0.0,29.7,33.4,27.8,10.1,32.8
2015-08-30,Admiralty,0.0,29.4,32.6,27.1,7.9,32.4
2015-08-31,Admiralty,0.0,29.3,32.9,27.2,10.0,37.8
2015-09-01,Admiralty,0.0,29.3,33.0,26.8,7.0,28.4
2015-09-02,Admiralty,0.0,29.2,33.2,26.9,8.9,32.4
2015-09-03,Admiralty,2.4,28.9,32.3,27.3,10.1,37.1
2015-09-04,Admiralty,5.0,28.3,31.5,25.9,6.6,38.9
2015-09-05,Admiralty,0.0,28.9,33.9,25.3,5.8,26.3
2015-09-06,Admiralty,0.0,29.4,33.0,26.8,6.1,25.6
2015-09-07,Admiralty,0.0,29.0,32.6,26.2,6.2,24.8
2015-09-08,Admiralty,0.0,28.9,32.3,26.8,6.7,29.5
2015-09-09,Admiralty,41.0,26.2,30.0,22.8,6.2,52.6
2015-09-10,Admiralty,0.0,27.3,30.6,24.0,5.2,24.8
2015-09-11,Admiralty,0.0,28.8,33.1,25.2,7.4,27.4
2015-09-12,Admiralty,0.0,28.8,32.0,26.6,6.5,28.1
2015-09-13,Admiralty,0.0,29.2,32.8,26.9,5.8,21.6
2015-09-14,Admiralty,0.0,28.7,31.6,27.2,6.5,24.8
2015-09-15,Admiralty,5.6,26.4,29.5,24.4,5.7,45.0
2015-09-16,Admiralty,4.8,27.1,30.3,24.7,6.1,34.6
2015-09-17,Admiralty,0.0,28.8,32.1,26.7,5.8,26.6
2015-09-18,Admiralty,0.0,28.9,32.0,27.3,11.5,29.9
2015-09-19,Admiralty,0.0,28.9,32.5,27.1,11.9,35.6
2015-09-20,Admiralty,13.0,28.6,33.3,26.2,6.6,29.9
2015-09-21,Admiralty,72.2,27.9,33.0,23.1,5.6,40.0
2015-09-22,Admiralty,0.0,28.2,32.3,25.0,6.5,31.0
2015-09-23,Admiralty,0.0,28.3,30.9,26.3,7.8,29.2
2015-09-24,Admiralty,0.0,28.3,32.2,25.7,6.0,25.2
2015-09-25,Admiralty,0.0,28.9,32.5,26.4,5.7,25.6
2015-09-26,Admiralty,0.0,29.0,33.4,25.5,7.0,27.4
2015-09-27,Admiralty,0.0,29.2,33.3,26.3,5.2,22.7
2015-09-28,Admiralty,3.6,27.6,30.7,24.3,6.1,36.0
2015-09-29,Admiralty,0.0,28.2,31.7,24.9,5.7,26.3
2015-09-30,Admiralty,9.8,27.8,32.3,24.0,6.5,42.1
2015-10-01,Admiralty,0.0,28.3,33.0,25.5,6.3,29.5
2015-10-02,Admiralty,14.2,27.3,32.3,23.7,7.1,37.1
2015-10-03,Admiralty,0.0,28.4,31.7,25.5,5.6,21.6
2015-10-04,Admiralty,0.0,29.0,32.3,26.6,6.6,29.2
2015-10-05,Admiralty,0.0,28.0,31.3,26.2,5.3,32.0
2015-10-06,Admiralty,0.0,27.7,32.5,25.6,6.7,23.8
2015-10-07,Admiralty,13.4,27.6,32.3,24.9,5.7,34.6
2015-10-08,Admiralty,0.2,27.7,33.5,25.3,5.2,31.3
2015-10-09,Admiralty,0.0,29.0,33.8,24.8,5.4,22.3
2015-10-10,Admiralty,0.0,29.3,33.6,25.7,5.5,24.1
2015-10-11,Admiralty,0.0,29.7,33.9,27.0,8.4,24.5
2015-10-12,Admiralty,0.0,29.4,34.2,26.9,6.9,31.0
2015-10-13,Admiralty,0.0,28.9,34.0,25.8,7.8,38.5
2015-10-14,Admiralty,0.0,28.7,33.1,26.5,7.4,36.4
2015-10-15,Admiralty,0.0,29.2,33.7,25.9,7.1,23.8
2015-10-16,Admiralty,0.0,29.1,33.2,25.9,7.1,23.4
2015-10-17,Admiralty,0.0,29.5,33.6,26.6,6.4,24.5
2015-10-18,Admiralty,0.0,29.4,32.7,26.4,5.7,22.0
2015-10-19,Admiralty,0.0,29.7,33.4,26.4,5.8,25.6
2015-10-20,Admiralty,0.0,29.4,33.3,26.1,6.3,27.0
2015-10-21,Admiralty,0.0,29.3,33.0,25.4,8.7,33.1
2015-10-22,Admiralty,0.0,29.6,33.5,27.2,6.8,24.1
2015-10-23,Admiralty,0.0,29.7,33.9,27.7,8.7,27.0
2015-10-24,Admiralty,9.8,28.7,31.7,25.4,8.4,38.2
2015-10-25,Admiralty,0.0,28.2,31.5,26.2,5.8,25.6
2015-10-26,Admiralty,0.0,28.9,34.0,26.7,7.7,23.8
2015-10-27,Admiralty,0.0,28.4,33.1,25.6,6.1,28.4
2015-10-28,Admiralty,17.0,26.5,30.8,22.2,8.8,55.8
2015-10-29,Admiralty,0.0,28.3,32.6,24.6,10.0,32.8
2015-10-30,Admiralty,30.8,27.3,33.9,23.5,6.0,27.7
2015-10-31,Admiralty,0.2,26.9,31.6,25.2,6.2,23.0
2015-11-01,Admiralty,13.8,26.9,33.6,24.5,5.4,38.9
2015-11-02,Admiralty,18.8,26.5,32.8,23.8,7.3,25.6
2015-11-03,Admiralty,6.4,27.4,34.1,24.7,6.6,45.4
2015-11-04,Admiralty,0.0,27.4,32.4,25.0,6.3,26.3
2015-11-05,Admiralty,0.0,28.4,32.6,25.3,6.4,23.8
2015-11-06,Admiralty,0.0,28.5,32.5,26.5,7.2,26.6
2015-11-07,Admiralty,33.8,27.3,32.6,23.2,6.8,48.6
2015-11-08,Admiralty,5.8,26.8,31.6,24.7,4.6,21.6
2015-11-09,Admiralty,0.4,27.8,31.7,24.5,6.0,21.6
2015-11-10,Admiralty,0.4,27.7,33.9,25.7,6.3,27.0
2015-11-11,Admiralty,27.4,26.5,33.1,24.3,6.0,47.2
2015-11-12,Admiralty,19.6,27.0,32.2,24.9,6.8,39.6
2015-11-13,Admiralty,0.2,27.1,30.2,25.1,5.7,26.3
2015-11-14,Admiralty,0.0,28.5,33.1,25.4,8.6,33.8
2015-11-15,Admiralty,6.2,27.3,30.3,24.4,5.9,37.4
2015-11-16,Admiralty,38.8,25.6,30.1,23.1,6.4,35.3
2015-11-17,Admiralty,16.4,26.8,32.0,23.2,6.8,27.4
2015-11-18,Admiralty,0.0,28.1,32.3,25.2,9.6,31.3
2015-11-19,Admiralty,1.2,28.0,32.8,24.9,6.4,45.0
2015-11-20,Admiralty,12.6,26.6,31.3,24.8,5.6,40.0
2015-11-21,Admiralty,38.8,26.6,32.3,23.9,5.4,31.0
2015-11-22,Admiralty,0.0,27.8,31.2,25.1,5.9,27.0
2015-11-23,Admiralty,0.2,28.2,34.0,25.6,6.7,26.6
2015-11-24,Admiralty,44.4,26.2,29.7,24.0,5.2,35.3
2015-11-25,Admiralty,0.8,26.9,32.4,24.7,5.7,32.8
2015-11-26,Admiralty,11.8,26.3,30.7,24.4,9.3,32.8
2015-11-27,Admiralty,8.4,26.8,30.5,24.5,6.8,20.2
2015-11-28,Admiralty,1.8,28.0,34.2,25.2,7.0,34.2
2015-11-29,Admiralty,1.0,28.0,32.9,24.9,7.5,30.2
2015-11-30,Admiralty,42.2,27.0,31.4,24.3,6.9,29.5
2015-12-01,Admiralty,27.2,26.0,31.1,23.4,7.6,50.0
2015-12-02,Admiralty,0.0,26.9,31.9,25.1,6.8,32.0
2015-12-03,Admiralty,0.0,28.2,32.6,25.3,8.7,33.1
2015-12-04,Admiralty,15.0,28.0,32.9,25.6,6.6,36.4
2015-12-05,Admiralty,48.2,27.0,32.8,23.8,6.8,34.9
2015-12-06,Admiralty,2.6,27.1,31.8,25.3,7.4,40.7
2015-12-07,Admiralty,0.0,28.1,31.9,25.0,11.7,37.1
2015-12-08,Admiralty,16.8,27.4,32.4,24.5,5.7,55.4
2015-12-09,Admiralty,2.4,27.7,32.4,24.6,7.4,27.0
2015-12-10,Admiralty,22.6,27.3,33.7,24.1,7.1,34.2
2015-12-11,Admiralty,5.2,27.0,30.7,24.7,5.0,32.4
2015-12-12,Admiralty,42.6,26.4,32.1,24.6,6.1,40.7
2015-12-13,Admiralty,14.2,25.3,29.1,23.7,6.8,23.8
2015-12-14,Admiralty,15.8,26.7,31.3,23.8,5.3,33.5
2015-12-15,Admiralty,0.0,27.1,29.4,25.4,7.4,24.8
2015-12-16,Admiralty,1.0,27.3,29.7,23.8,8.4,51.5
2015-12-17,Admiralty,0.0,27.2,29.6,25.7,11.1,47.5
2015-12-18,Admiralty,3.4,27.1,29.7,23.8,11.8,56.5
2015-12-19,Admiralty,0.0,28.0,32.0,25.0,11.9,36.7
2015-12-20,Admiralty,0.0,28.2,31.9,24.9,8.4,33.1
2015-12-21,Admiralty,0.2,28.6,33.5,25.8,7.4,29.2
2015-12-22,Admiralty,0.0,28.9,33.4,26.1,8.1,32.0
2015-12-23,Admiralty,9.4,28.1,32.4,23.3,8.3,37.8
2015-12-24,Admiralty,13.0,26.4,28.1,24.3,7.6,29.9
2015-12-25,Admiralty,6.0,27.4,31.0,24.8,11.4,51.1
2015-12-26,Admiralty,0.0,28.0,31.9,25.7,12.5,43.9
2015-12-27,Admiralty,0.0,28.0,31.3,25.2,11.0,34.6
2015-12-28,Admiralty,2.8,28.0,32.0,25.7,10.3,39.2
2015-12-29,Admiralty,21.2,25.7,28.3,23.7,11.7,43.6
2015-12-30,Admiralty,0.0,27.7,31.6,25.2,14.9,44.6
2015-12-31,Admiralty,0.8,26.7,30.1,25.2,11.4,42.5
2016-01-01,Admiralty,10.4,26.6,28.5,24.5,10.1,41.8
2016-01-02,Admiralty,13.0,25.7,27.9,23.1,7.9,49.3
2016-01-03,Admiralty,0.2,25.8,26.7,25.3,7.9,28.4
2016-01-04,Admiralty,0.4,27.6,31.1,25.2,11.2,34.2
2016-01-05,Admiralty,0.0,28.3,31.9,25.8,12.6,34.6
2016-01-06,Admiralty,0.4,28.2,31.7,26.2,12.6,37.4
2016-01-07,Admiralty,0.0,28.2,32.4,25.7,14.0,37.4
2016-01-08,Admiralty,0.0,28.1,31.9,25.6,13.0,43.9
2016-01-09,Admiralty,0.0,28.2,32.3,25.7,12.6,39.2
2016-01-10,Admiralty,0.0,28.4,32.7,26.1,11.2,36.4
2016-01-11,Admiralty,33.8,28.0,32.2,24.4,8.6,29.2
2016-01-12,Admiralty,0.0,28.5,32.1,26.0,12.6,35.3
2016-01-13,Admiralty,0.0,28.4,32.5,26.3,12.2,36.4
2016-01-14,Admiralty,1.6,28.3,31.4,26.4,10.1,29.9
2016-01-15,Admiralty,16.6,27.2,30.3,24.8,5.8,20.5
2016-01-16,Admiralty,2.0,27.2,32.7,25.2,5.4,31.7
2016-01-17,Admiralty,20.8,26.7,31.2,23.8,6.5,38.9
2016-01-18,Admiralty,14.0,27.9,34.4,25.0,6.1,26.3
2016-01-19,Admiralty,0.0,28.2,31.5,26.1,10.8,35.3
2016-01-20,Admiralty,0.4,28.2,31.5,26.0,7.9,31.7
2016-01-21,Admiralty,0.4,27.9,30.3,26.5,10.4,32.8
2016-01-22,Admiralty,28.2,27.6,31.4,26.1,8.3,33.5
2016-01-23,Admiralty,6.6,27.8,32.3,25.7,11.5,43.6
2016-01-24,Admiralty,0.0,28.4,31.9,26.0,15.8,51.8
2016-01-25,Admiralty,5.0,27.4,31.3,25.3,14.0,64.4
2016-01-26,Admiralty,7.4,27.1,29.5,25.1,11.9,40.7
2016-01-27,Admiralty,0.2,28.2,31.4,25.7,13.0,40.7
2016-01-28,Admiralty,5.4,27.6,32.6,25.0,9.7,30.2
2016-01-29,Admiralty,0.0,27.7,31.5,25.0,10.1,39.6
2016-01-30,Admiralty,0.0,28.4,33.0,25.9,11.5,33.8
2016-01-31,Admiralty,7.6,28.0,31.8,25.9,10.4,38.5
2016-02-01,Admiralty,0.0,28.5,32.4,25.7,14.0,43.2
2016-02-02,Admiralty,6.6,27.4,30.8,24.3,11.5,40.7
2016-02-03,Admiralty,0.0,28.2,32.6,25.6,10.1,36.7
2016-02-04,Admiralty,4.2,27.4,30.5,26.0,8.6,27.0
2016-02-05,Admiralty,3.0,27.6,31.6,25.7,6.8,25.2
2016-02-06,Admiralty,2.6,28.0,31.4,26.1,14.8,44.6
2016-02-07,Admiralty,33.6,26.4,28.1,24.0,18.0,56.2
2016-02-08,Admiralty,0.0,26.8,28.3,25.9,16.6,52.2
2016-02-09,Admiralty,0.0,26.5,28.5,25.2,9.7,27.7
2016-02-10,Admiralty,7.6,26.2,28.0,24.7,12.2,35.3
2016-02-11,Admiralty,0.0,26.9,29.7,24.9,11.2,28.8
2016-02-12,Admiralty,6.2,27.2,31.7,23.6,10.4,40.3
2016-02-13,Admiralty,0.2,28.1,31.8,26.1,14.0,40.3
2016-02-14,Admiralty,41.2,27.1,32.6,24.8,9.4,42.5
2016-02-15,Admiralty,0.0,28.3,32.2,25.6,11.9,34.9
2016-02-16,Admiralty,0.0,28.0,31.4,26.1,16.2,52.2
2016-02-17,Admiralty,0.0,27.6,30.9,25.3,14.8,50.4
2016-02-18,Admiralty,0.0,27.3,30.8,24.6,10.4,45.7
2016-02-19,Admiralty,69.0,24.7,26.7,23.5,7.2,32.8
2016-02-20,Admiralty,1.4,26.1,28.4,24.2,10.4,38.2
2016-02-21,Admiralty,0.0,27.1,31.5,24.6,12.6,42.5
2016-02-22,Admiralty,0.0,27.5,31.3,24.9,13.0,38.5
2016-02-23,Admiralty,0.0,27.4,30.7,25.2,12.6,36.7
2016-02-24,Admiralty,13.4,25.7,29.1,24.0,11.2,34.9
2016-02-25,Admiralty,0.2,27.3,31.0,24.8,18.0,58.0
2016-02-26,Admiralty,0.0,27.6,31.1,25.1,15.1,43.2
2016-02-27,Admiralty,0.0,27.8,31.9,25.1,13.7,43.2
2016-02-28,Admiralty,0.0,27.9,31.4,25.7,15.8,46.8
2016-02-29,Admiralty,0.2,28.1,31.4,26.1,16.9,47.2
2016-03-01,Admiralty,0.0,27.9,31.8,25.7,16.2,44.3
2016-03-02,Admiralty,0.0,27.8,31.1,25.5,17.3,48.6
2016-03-03,Admiralty,0.0,27.8,32.0,25.6,16.2,52.9
2016-03-04,Admiralty,0.6,27.6,30.7,25.8,13.3,37.1
2016-03-05,Admiralty,0.0,28.1,32.3,25.8,12.2,39.2
2016-03-06,Admiralty,0.0,28.6,33.0,26.5,14.0,38.5
2016-03-07,Admiralty,9.4,27.8,31.6,26.0,12.6,37.1
2016-03-08,Admiralty,8.2,27.5,31.7,25.4,8.6,31.3
2016-03-09,Admiralty,0.0,28.9,33.2,26.3,11.2,31.0
2016-03-10,Admiralty,4.0,28.0,34.1,26.3,7.6,26.6
2016-03-11,Admiralty,0.0,28.8,33.8,26.2,12.2,37.4
2016-03-12,Admiralty,0.0,28.5,32.2,25.7,12.2,34.6
2016-03-13,Admiralty,2.2,28.2,32.9,25.2,10.4,35.6
2016-03-14,Admiralty,0.4,28.6,33.9,26.3,9.4,36.4
2016-03-15,Admiralty,0.0,28.6,32.6,26.2,10.8,34.9
2016-03-16,Admiralty,0.0,28.4,34.0,25.1,8.6,26.6
2016-03-17,Admiralty,0.0,28.6,34.4,25.5,11.5,31.7
2016-03-18,Admiralty,0.0,28.7,33.9,25.9,10.4,32.4
2016-03-19,Admiralty,0.0,28.6,33.7,25.6,11.9,33.1
2016-03-20,Admiralty,0.4,28.5,32.5,26.2,9.4,27.0
2016-03-21,Admiralty,16.0,28.4,35.0,24.3,8.6,39.2
2016-03-22,Admiralty,0.2,28.2,31.6,26.8,8.6,41.8
2016-03-23,Admiralty,0.0,28.8,33.5,26.0,9.0,31.3
2016-03-24,Admiralty,0.0,29.0,33.0,26.7,11.9,32.4
2016-03-25,Admiralty,13.4,28.0,34.5,24.3,7.9,40.7
2016-03-26,Admiralty,0.0,28.4,31.5,26.0,13.3,40.7
2016-03-27,Admiralty,0.0,28.7,32.4,26.7,14.0,44.3
2016-03-28,Admiralty,0.0,28.9,32.5,26.6,16.6,44.3
2016-03-29,Admiralty,0.0,28.7,32.5,26.3,13.7,42.5
2016-03-30,Admiralty,0.0,28.6,32.9,26.0,14.4,37.8
2016-03-31,Admiralty,0.0,28.7,32.6,26.1,13.3,33.8
2016-04-01,Admiralty,0.0,29.1,33.9,26.4,13.3,38.5
2016-04-02,Admiralty,0.0,29.2,33.9,26.1,13.0,41.4
2016-04-03,Admiralty,5.2,28.4,33.2,25.2,9.0,28.1
2016-04-04,Admiralty,0.2,29.1,33.0,26.8,11.2,36.4
2016-04-05,Admiralty,0.0,28.7,32.0,26.7,10.4,33.8
2016-04-06,Admiralty,0.0,29.2,34.0,26.2,10.1,32.4
2016-04-07,Admiralty,0.0,29.1,34.7,25.6,8.6,30.6
2016-04-08,Admiralty,0.0,29.5,35.3,26.5,9.7,28.8
2016-04-09,Admiralty,14.0,27.9,32.9,25.3,7.2,33.1
2016-04-10,Admiralty,0.0,29.1,35.2,25.2,9.7,31.3
2016-04-11,Admiralty,0.0,29.6,33.6,27.2,7.6,31.0
2016-04-12,Admiralty,0.6,29.7,34.0,27.0,8.3,36.0
2016-04-13,Admiralty,0.0,29.7,34.3,25.9,8.3,42.1
2016-04-14,Admiralty,0.0,29.8,33.1,27.7,6.1,24.1
2016-04-15,Admiralty,2.4,29.1,32.2,26.3,5.8,23.8
2016-04-16,Admiralty,28.0,29.4,36.3,25.8,6.5,32.8
2016-04-17,Admiralty,11.0,29.3,34.7,25.2,8.3,43.6
2016-04-18,Admiralty,0.2,29.8,35.1,26.2,7.9,26.3
2016-04-19,Admiralty,0.0,30.2,33.8,27.2,13.0,36.0
2016-04-20,Admiralty,0.0,29.4,34.2,27.4,8.3,31.3
2016-04-21,Admiralty,0.0,29.9,33.8,27.0,11.9,33.5
2016-04-22,Admiralty,0.0,29.2,33.7,27.4,8.3,31.7
2016-04-23,Admiralty,1.0,28.7,32.1,27.3,7.2,33.8
2016-04-24,Admiralty,1.4,29.2,33.0,26.7,5.0,23.8
2016-04-25,Admiralty,16.4,28.5,33.2,24.0,5.4,33.8
2016-04-26,Admiralty,2.6,28.6,33.4,26.6,5.0,33.8
2016-04-27,Admiralty,3.6,28.3,34.3,26.3,5.4,32.4
2016-04-28,Admiralty,19.6,28.2,33.4,25.5,6.1,31.3
2016-04-29,Admiralty,9.0,28.0,34.4,25.2,5.4,28.1
2016-04-30,Admiralty,1.2,27.9,35.5,25.2,5.8,40.3
2016-05-01,Admiralty,1.4,29.2,33.7,25.6,6.8,27.4
2016-05-02,Admiralty,7.4,28.3,32.8,26.0,6.1,33.1
2016-05-03,Admiralty,0.0,29.7,34.9,25.5,6.8,28.8
2016-05-04,Admiralty,0.0,30.3,34.6,26.9,10.1,29.5
2016-05-05,Admiralty,15.8,28.9,34.0,25.0,6.5,43.2
2016-05-06,Admiralty,0.0,28.9,35.5,26.6,6.1,41.0
2016-05-07,Admiralty,4.2,28.4,34.3,25.8,5.4,37.8
2016-05-08,Admiralty,0.0,28.8,33.5,26.0,5.4,22.7
2016-05-09,Admiralty,0.0,29.1,33.7,26.0,6.5,50.8
2016-05-10,Admiralty,0.0,29.6,34.2,26.7,7.6,29.5
2016-05-11,Admiralty,29.2,28.6,34.6,24.5,5.8,50.8
2016-05-12,Admiralty,0.2,28.3,33.0,26.6,5.4,25.6
2016-05-13,Admiralty,3.2,28.0,31.1,25.3,5.8,35.3
2016-05-14,Admiralty,16.2,27.3,32.8,24.6,5.0,25.6
2016-05-15,Admiralty,6.6,28.1,34.4,26.0,5.8,25.9
2016-05-16,Admiralty,2.4,28.0,32.5,25.5,7.2,39.6
2016-05-17,Admiralty,3.2,28.6,34.5,26.6,5.4,32.0
2016-05-18,Admiralty,51.0,27.2,31.2,24.8,6.5,34.9
2016-05-19,Admiralty,2.8,28.0,32.5,25.5,5.8,22.0
2016-05-20,Admiralty,0.2,29.2,32.7,26.8,5.4,21.2
2016-05-21,Admiralty,0.2,28.2,30.7,25.0,10.1,40.0
2016-05-22,Admiralty,18.6,28.2,33.7,24.6,8.3,58.0
2016-05-23,Admiralty,0.0,29.8,35.5,25.5,5.8,28.8
2016-05-24,Admiralty,2.2,29.6,32.4,26.3,6.8,39.6
2016-05-25,Admiralty,20.0,29.8,35.0,25.1,6.1,33.1
2016-05-26,Admiralty,2.4,28.6,31.8,26.2,6.8,32.8
2016-05-27,Admiralty,0.0,30.0,33.1,27.9,6.5,30.6
2016-05-28,Admiralty,23.6,28.6,32.5,23.7,5.8,48.2
2016-05-29,Admiralty,0.0,29.8,33.9,26.8,6.1,22.0
2016-05-30,Admiralty,0.2,28.4,33.2,25.5,7.2,47.2
2016-05-31,Admiralty,0.0,28.9,33.5,25.5,7.2,31.3
2016-11-01,Admiralty,20.2,27.2,31.3,23.8,6.8,41.8
2016-11-02,Admiralty,23.4,27.4,30.8,22.1,7.9,58.0
2016-11-03,Admiralty,13.8,27.2,30.3,24.6,9.0,28.8
2016-11-04,Admiralty,0.8,27.7,30.4,25.8,6.5,24.8
2016-11-05,Admiralty,2.4,26.7,28.0,25.5,7.2,29.2
2016-11-06,Admiralty,1.0,28.1,31.7,25.0,8.6,28.1
2016-11-07,Admiralty,1.4,26.8,29.0,25.5,6.5,30.6
2016-11-08,Admiralty,0.0,28.9,34.0,25.2,6.1,21.6
2016-11-09,Admiralty,1.4,28.3,31.5,24.5,7.6,31.0
2016-11-10,Admiralty,2.8,27.5,31.7,24.9,7.2,32.8
2016-11-11,Admiralty,8.8,26.2,30.9,24.6,5.0,40.7
2016-11-12,Admiralty,10.8,26.9,32.9,24.4,5.8,33.5
2016-11-13,Admiralty,4.6,27.2,32.0,25.2,6.5,33.5
2016-11-14,Admiralty,32.2,25.0,26.5,23.3,6.8,41.8
2016-11-15,Admiralty,1.4,27.0,32.0,24.2,7.6,37.1
2016-11-16,Admiralty,0.4,26.8,29.9,23.9,6.5,49.7
2016-11-17,Admiralty,0.2,26.477044348830095,32.9,25.2,6.1,22.7
2016-11-18,Admiralty,15.4,26.9,33.3,24.3,5.8,32.0
2016-11-19,Admiralty,0.4,27.6,31.6,25.3,5.4,21.6
2016-11-20,Admiralty,0.0,27.88120802821347,31.9,25.7,5.8,26.3
2016-11-21,Admiralty,1.6,27.8,30.6,25.5,9.0,31.3
2016-11-22,Admiralty,1.0,27.6,29.1,25.3,5.0,29.9
2016-11-23,Admiralty,6.2,27.419180088478733,31.2,24.5,6.1,33.1
2016-11-24,Admiralty,0.0,27.4,32.7,25.3,7.2,34.9
2016-11-25,Admiralty,8.6,27.5,33.6,24.8,6.1,36.4
2016-11-26,Admiralty,1.4,27.2,31.2,25.5,5.4,28.4
2016-11-27,Admiralty,0.2,27.1,29.7,24.6,9.7,32.4
2016-11-28,Admiralty,0.0,27.3,29.6,25.7,9.7,33.5
2016-11-29,Admiralty,0.2,26.0,27.7,24.6,9.0,32.4
2016-11-30,Admiralty,0.0,27.7,30.9,24.6,10.8,35.3
2016-12-01,Admiralty,13.2,25.4,27.3,24.4,7.9,24.5
2016-12-02,Admiralty,0.8,27.0,31.3,24.3,8.6,32.0
2016-12-03,Admiralty,0.0,28.79330678328654,29.9,25.8,5.4,21.2
2016-12-04,Admiralty,0.0,29.2,34.1,25.7,6.8,25.9
2016-12-05,Admiralty,10.2,28.7,33.7,23.3,8.6,27.7
2016-12-06,Admiralty,0.2,28.4,34.2,23.6,6.8,33.8
2016-12-07,Admiralty,1.4,28.1,32.7,26.3,9.0,28.8
2016-12-08,Admiralty,1.4,28.3,32.0,25.8,8.3,27.7
2016-12-09,Admiralty,6.4,26.8,30.5,25.2,7.2,38.9
2016-12-10,Admiralty,10.6,27.2,29.8,24.3,7.9,32.8
2016-12-11,Admiralty,2.6,25.5,29.0,23.6,9.4,44.6
2016-12-12,Admiralty,0.0,27.9,30.9,25.1,12.6,40.7
2016-12-13,Admiralty,1.2,27.6,31.4,24.3,9.0,37.4
2016-12-14,Admiralty,0.2,27.9,32.3,25.2,7.6,33.8
2016-12-15,Admiralty,0.0,28.5,31.9,26.1,8.3,33.5
2016-12-16,Admiralty,0.0,28.6,32.8,26.1,8.6,29.5
2016-12-17,Admiralty,1.8,26.8,31.8,24.6,9.0,36.7
2016-12-18,Admiralty,15.4,26.6,31.0,22.8,7.9,37.4
2016-12-19,Admiralty,0.8,27.5,31.7,25.0,10.8,36.7
2016-12-20,Admiralty,0.0,28.0,31.8,25.2,14.8,46.1
2016-12-21,Admiralty,3.4,28.1,31.8,25.6,10.4,38.2
2016-12-22,Admiralty,15.6,26.6,32.3,23.7,6.5,34.2
2016-12-23,Admiralty,50.0,26.9,31.5,22.8,7.2,30.6
2016-12-24,Admiralty,16.8,26.3,32.5,23.7,9.0,37.8
2016-12-25,Admiralty,28.8,26.4,31.9,23.0,10.1,39.6
2016-12-26,Admiralty,0.0,26.3,30.0,23.9,10.1,28.4
2016-12-27,Admiralty,1.0,25.7,29.0,24.0,10.1,41.8
2016-12-28,Admiralty,3.6,25.2,27.6,23.2,11.5,40.0
2016-12-29,Admiralty,0.0,27.2,30.6,25.1,9.7,34.2
2016-12-30,Admiralty,0.6,26.8,32.0,24.9,12.2,46.8
2016-12-31,Admiralty,0.0,26.5,29.6,24.5,7.9,40.7
2017-02-01,Admiralty,0.0,26.82017087616248,30.6,24.7,10.1,30.2
2017-02-02,Admiralty,0.2,27.3,31.1,25.3,6.5,24.1
2017-02-03,Admiralty,25.6,27.4,33.1,23.4,9.7,43.6
2017-02-04,Admiralty,14.4,26.8,32.0,23.7,8.6,44.3
2017-02-05,Admiralty,0.0,27.3,32.6,24.9,9.7,27.4
2017-02-06,Admiralty,0.0,27.6,33.4,25.1,9.4,33.1
2017-02-07,Admiralty,22.2,26.0,30.5,23.2,8.3,33.1
2017-02-08,Admiralty,18.4,26.6,32.0,24.1,7.2,31.3
2017-02-09,Admiralty,0.0,27.367003944546045,30.9,25.3,9.0,28.1
2017-02-10,Admiralty,0.0,27.4,31.4,25.0,14.8,38.9
2017-02-11,Admiralty,0.6,26.77910832341277,30.7,25.0,17.3,49.0
2017-02-12,Admiralty,2.4,26.1,29.2,24.3,16.2,59.4
2017-02-13,Admiralty,1.4,26.0,29.0,23.8,14.8,57.2
2017-02-14,Admiralty,2.0,26.1,29.2,23.3,18.7,56.2
2017-02-15,Admiralty,5.4,25.1,28.7,22.6,14.8,44.6
2017-02-16,Admiralty,0.0,26.2,29.4,24.2,15.1,44.3
2017-02-17,Admiralty,0.0,26.8,30.5,24.4,14.0,42.1
2017-02-18,Admiralty,0.0,26.7,30.6,24.6,15.5,40.7
2017-02-19,Admiralty,0.8,27.2,30.6,25.0,13.7,39.6
2017-02-20,Admiralty,0.0,27.3,31.2,25.1,13.0,41.0
2017-02-21,Admiralty,7.4,26.7,31.5,24.8,8.6,28.1
2017-02-22,Admiralty,0.0,27.082047554111004,31.2,25.3,10.1,38.9
2017-02-23,Admiralty,20.8,26.6,32.4,23.6,7.2,32.0
2017-02-24,Admiralty,19.8,24.7,27.4,23.6,6.8,37.4
2017-02-25,Admiralty,0.0,26.6,31.5,23.6,8.3,37.1
2017-02-26,Admiralty,0.0,27.5,31.4,25.2,10.8,38.5
2017-02-27,Admiralty,0.0,27.2,30.2,25.3,14.4,50.0
2017-02-28,Admiralty,12.4,25.833699369713404,29.1,24.2,11.9,54.4
2017-03-01,Admiralty,29.6,24.8,27.4,23.3,9.4,38.2
2017-03-02,Admiralty,0.2,25.27569565586381,29.9,24.4,13.7,46.1
2017-03-03,Admiralty,6.8,25.7,27.9,23.7,11.5,47.2
2017-03-04,Admiralty,29.6,25.3,28.1,23.5,7.6,31.3
2017-03-05,Admiralty,0.8,26.8,30.6,24.3,9.7,30.2
2017-03-06,Admiralty,4.0,26.9,32.3,24.5,8.3,31.7
2017-03-07,Admiralty,10.4,27.1,32.7,24.7,7.2,28.1
2017-03-08,Admiralty,0.2,27.1,31.0,24.5,13.3,38.9
2017-03-09,Admiralty,0.0,27.1,31.4,24.5,14.8,36.0
2017-03-10,Admiralty,0.0,26.9,30.5,24.4,14.4,34.6
2017-03-11,Admiralty,0.0,27.2,31.8,24.8,11.5,47.5
2017-03-12,Admiralty,41.8,26.5,30.4,23.4,6.8,25.9
2017-03-13,Admiralty,0.0,28.2,34.4,25.2,7.6,26.3
2017-03-14,Admiralty,4.4,27.0,30.7,23.7,8.3,35.6
2017-03-15,Admiralty,0.0,29.2,34.8,25.5,6.8,26.6
2017-03-16,Admiralty,20.4,28.66737271314315,32.7,23.4,10.4,30.6
2017-03-17,Admiralty,2.2,26.7,32.6,24.2,6.8,36.7
2017-03-18,Admiralty,0.0,26.693855446686253,31.9,25.1,6.8,24.8
2017-03-19,Admiralty,24.0,27.8,34.0,23.9,6.5,40.3
2017-03-20,Admiralty,13.0,28.407205500111825,29.1,24.1,6.8,34.2
2017-03-21,Admiralty,0.0,28.1,34.0,25.1,8.3,34.2
2017-03-22,Admiralty,5.4,27.5,33.4,24.5,9.0,58.3
2017-03-23,Admiralty,0.0,28.6,33.5,25.7,10.8,34.2
2017-03-24,Admiralty,2.4,28.5,32.7,26.4,8.3,25.2
2017-03-25,Admiralty,46.4,27.1,32.9,23.8,7.6,41.0
2017-03-26,Admiralty,0.0,28.6,33.4,25.5,10.8,39.6
2017-03-27,Admiralty,0.0,28.6,31.7,26.1,10.1,31.7
2017-03-28,Admiralty,2.8,26.2,28.7,24.2,7.6,29.2
2017-03-29,Admiralty,9.2,26.5,31.6,25.1,4.7,26.6
2017-03-30,Admiralty,7.2,25.3,30.7,23.7,6.1,37.8
2017-03-31,Admiralty,0.6,27.2,33.2,24.9,4.7,21.6
2017-04-01,Admiralty,5.2,26.7,31.7,24.5,5.8,31.7
2017-04-02,Admiralty,0.0,27.4,31.6,25.0,8.3,32.0
2017-04-03,Admiralty,1.6,26.9,28.7,24.8,6.8,25.6
2017-04-04,Admiralty,11.2,28.2,31.9,23.3,8.6,39.6
2017-04-05,Admiralty,0.0,28.4,31.6,25.4,10.1,36.0
2017-04-06,Admiralty,3.2,28.6,32.5,26.8,7.6,27.7
2017-04-07,Admiralty,3.6,27.7,33.0,23.9,8.3,48.6
2017-04-08,Admiralty,9.0,26.8,28.9,24.4,6.1,36.7
2017-04-09,Admiralty,0.0,27.6,34.5,24.9,5.8,26.3
2017-04-10,Admiralty,0.0,28.0,32.4,25.3,6.1,25.9
2017-04-11,Admiralty,0.0,28.6,33.3,25.8,7.2,31.3
2017-04-12,Admiralty,0.2,28.5,31.8,25.5,5.4,22.0
2017-04-13,Admiralty,35.2,26.8,30.6,23.3,5.8,33.1
2017-04-14,Admiralty,0.8,26.9,31.6,24.5,6.5,27.4
2017-04-15,Admiralty,0.2,27.9,31.8,25.5,8.6,40.0
2017-04-16,Admiralty,0.2,28.1,34.5,25.3,6.1,28.8
2017-04-17,Admiralty,4.8,28.3,32.2,23.8,7.6,53.6
2017-04-18,Admiralty,39.8,26.7,32.5,24.0,6.8,30.2
2017-04-19,Admiralty,10.8,27.5,33.8,24.1,5.0,31.3
2017-04-20,Admiralty,2.0,27.7,32.5,25.4,5.0,33.8
2017-04-21,Admiralty,14.8,27.4,31.5,23.6,7.9,38.9
2017-04-22,Admiralty,0.0,27.9,30.2,25.3,6.5,26.6
2017-04-23,Admiralty,0.0,28.1,32.0,26.0,5.4,23.4
2017-04-24,Admiralty,15.8,26.7,32.3,24.5,5.8,28.1
2017-04-25,Admiralty,10.4,26.5,32.0,24.8,5.0,26.3
2017-04-26,Admiralty,41.6,27.1,30.7,24.3,6.1,27.0
2017-04-27,Admiralty,0.0,27.7,33.0,24.8,7.9,32.0
2017-04-28,Admiralty,-8.264830620967967,28.039430881892407,34.41010973160976,25.30183266767743,8.12875931319613,37.99708286084411
2017-04-29,Admiralty,16.81383072216266,28.23966668822769,34.29060127579527,25.523736522763233,7.104304717994882,40.61621894731955
2017-04-30,Admiralty,27.6,28.5,33.8,25.7,5.8,35.3
2017-05-01,Admiralty,0.0,28.9,33.7,26.0,5.0,22.3
2017-05-02,Admiralty,-13.755349302576615,29.123088113896316,33.390897223451155,26.341612448299898,4.7263577371527,16.381193295084135
2017-05-03,Admiralty,-9.271841433968234,29.063945711921505,32.779864100539385,26.61038238208844,4.790853116321499,18.227422091504533
2017-05-04,Admiralty,0.0,28.7,32.0,26.7,5.0,23.8
2017-05-05,Admiralty,3.504455481065459,28.08817392243402,31.21853704908798,26.54375398419426,5.217331202421441,29.375464168149165
2017-05-06,Admiralty,2.2650218412155034,27.60337337703696,30.739238409136906,26.233326950932174,5.534455344777627,32.491245890889935
2017-05-07,Admiralty,0.2,27.7,30.9,25.9,6.1,31.0
2017-05-08,Admiralty,0.0,28.4,31.7,25.6,6.8,24.1
2017-05-09,Admiralty,0.05680049123700899,28.46913996682837,32.108596302422534,25.205638960742128,6.806674776205348,16.352089197817946
2017-05-10,Admiralty,-0.017782291973415625,28.13529942744959,32.05663178336256,24.97938292462726,6.375873273408947,13.58311001886797
2017-05-11,Admiralty,0.0,28.1,31.8,25.3,6.1,21.6
2017-05-12,Admiralty,0.0,28.6,31.5,26.0,6.5,36.0
2017-05-13,Admiralty,-0.09224208504050602,28.48967881380995,31.076937135258476,25.47626582768258,7.486406822201891,28.094882919815504
2017-05-14,Admiralty,4.8,28.065349650389006,30.906059617315297,24.577047173840004,7.6,25.2
2017-05-15,Admiralty,12.4,28.1,31.5,24.9,6.1,44.6
2017-05-16,Admiralty,1.8,28.9,32.8,27.0,5.8,33.8
2017-05-17,Admiralty,-2.064002659264726,29.319152755824827,33.117012872970804,28.15973853013698,7.357643425601292,36.60408529014736
2017-05-18,Admiralty,0.0,29.400253538811793,32.811700587572076,28.214873611900305,7.9,40.0
2017-05-19,Admiralty,0.2,29.6,32.9,27.9,5.8,25.9
2017-05-20,Admiralty,0.0,29.9,34.1,28.0,5.4,28.4
2017-05-21,Admiralty,-8.716869214851648,28.966242683618095,35.755220504142116,28.995324011079408,5.816948398064778,27.09985066365888
2017-05-22,Admiralty,-14.170124297969782,27.328589188872204,36.17862503305625,29.39438154406924,6.273391241132724,23.853443296170425
2017-05-23,Admiralty,1.6,26.10164109969019,33.5,27.2,6.5,31.3
2017-05-24,Admiralty,29.0,26.4,29.2,23.3,6.5,46.1
2017-05-25,Admiralty,0.0,28.1,32.1,25.1,6.8,32.8
2017-05-26,Admiralty,-7.56025289520403,27.7924412291627,33.59346090843323,25.79122762753555,6.424271335549047,40.560873768287905
2017-05-27,Admiralty,1.2,27.5,32.9,25.5,5.8,43.9
2017-05-28,Admiralty,0.0,28.9,31.8,26.0,5.8,20.9
2017-05-29,Admiralty,2.6,27.784771600940743,29.702113687125845,24.890201767297388,6.5,32.8
2017-05-30,Admiralty,12.0,26.6,30.2,23.2,6.5,44.6
2017-05-31,Admiralty,42.0,28.1,34.7,23.0,6.8,53.3
2017-06-01,Admiralty,6.2,28.94651858541877,34.57680124201741,25.05689976557403,6.1,20.5
2017-06-02,Admiralty,0.0,29.3,33.0,27.2,5.4,18.4
2017-06-03,Admiralty,0.0,30.1,34.3,27.6,6.1,26.3
2017-06-04,Admiralty,0.0,30.4,34.1,28.0,6.8,26.3
2017-06-05,Admiralty,0.0,30.160670594918447,32.92103914439487,28.642860178988016,6.1,23.0
2017-06-06,Admiralty,0.0,29.9,32.9,28.3,6.5,25.6
2017-06-07,Admiralty,0.4,29.8,34.4,26.8,6.5,24.1
2017-06-08,Admiralty,5.2,29.1,33.6,27.0,8.6,29.2
2017-06-09,Admiralty,0.0,28.67208690931142,33.74042838308068,26.082209853121192,6.5,23.0
2017-06-10,Admiralty,11.4,28.4,33.8,24.8,6.1,30.2
2017-06-11,Admiralty,0.0,28.2,32.5,24.8,6.1,26.6
2017-06-12,Admiralty,0.0,28.960778269917785,32.879425929697035,25.5570672329846,6.1,19.8
2017-06-13,Admiralty,0.0,29.0,33.3,25.7,7.6,34.2
2017-06-14,Admiralty,0.2,27.4,32.3,24.8,7.2,41.0
2017-06-15,Admiralty,0.0,27.775658336643914,33.51355416913769,25.377623650132964,5.8,13.3
2017-06-16,Admiralty,0.0,29.145456497836822,35.28304513531494,26.40233113594298,6.8,27.4
2017-06-17,Admiralty,0.0,29.0,34.2,25.7,6.1,23.0
2017-06-18,Admiralty,24.0,26.8,29.9,23.0,7.6,54.0
2017-06-19,Admiralty,0.0,27.577713965416233,30.5522953317359,23.51018974217362,6.5,27.0
2017-06-20,Admiralty,0.0,29.1,32.8,25.8,6.1,28.4
2017-06-21,Admiralty,0.0,28.5,32.1,27.1,5.4,22.3
2017-06-22,Admiralty,0.0,28.492801788821286,32.154433944557475,27.589527525822497,4.3,11.5
2017-06-23,Admiralty,1.2,28.993876245008565,32.80165733459003,27.293717614462786,9.7,67.3
2017-06-24,Admiralty,0.0,28.8,32.3,26.0,6.1,22.3
2017-06-25,Admiralty,7.6,27.4,30.2,24.0,4.7,41.8
2017-06-26,Admiralty,14.907908822900911,26.5212103472479,29.970195470698854,23.059045097981087,4.825608133370673,58.79156427626672
2017-06-27,Admiralty,17.699510324478258,26.464239046629345,31.36800141613459,23.274337688970252,5.088657521845821,51.65396636163365
2017-06-28,Admiralty,14.8,27.0,32.9,24.2,5.4,35.3
2017-06-29,Admiralty,6.631020112990533,27.878191723933917,33.414737340835934,25.39458286833771,5.7066159569523025,22.930691821348987
2017-06-30,Admiralty,0.0,28.763651193878616,33.12861537657553,26.434351572190412,6.1,20.9
2017-07-01,Admiralty,0.0,29.3,32.6,26.9,6.5,28.8
2017-07-02,Admiralty,0.5163421896992045,29.258615349609034,32.27826257336482,26.562623428668054,6.302915936204874,31.266756035937593
2017-07-03,Admiralty,0.26563208427954094,28.921896918596943,32.17679633682254,25.95492268893477,5.927485586223485,28.864021269914538
2017-07-04,Admiralty,0.0,28.7,32.2,25.8,6.1,27.4
2017-07-05,Admiralty,0.1675148581324163,28.85771724800032,32.246286439778864,26.499367861434518,7.122496812653158,30.367782131666505
2017-07-06,Admiralty,0.0,29.07839076136326,32.19012520206023,27.168179894292745,7.6,32.0
2017-07-07,Admiralty,0.0,28.9,31.9,26.6,6.8,29.5
2017-07-08,Admiralty,3.4,28.3,31.5,24.8,6.8,33.1
2017-07-09,Admiralty,3.436402738512302,28.444051054724355,31.683736817771464,25.150466875032027,5.912986359999674,31.394443779096324
2017-07-10,Admiralty,0.6,28.658500843946882,31.588830067575696,26.368029442742497,6.1,27.0
2017-07-11,Admiralty,0.6,27.7,29.9,25.7,8.3,32.0
2017-07-12,Admiralty,6.8,26.1,28.1,23.2,7.2,47.5
2017-07-13,Admiralty,6.0,27.5,31.4,24.7,5.8,28.8
2017-07-14,Admiralty,35.0,26.1,28.3,22.9,5.0,54.4
2017-07-15,Admiralty,0.2,27.4,31.7,24.4,6.5,28.4
2017-07-16,Admiralty,0.0,28.5,32.4,26.3,9.0,40.3
2017-07-17,Admiralty,0.0,28.8,32.1,26.4,7.6,36.0
2017-07-18,Admiralty,0.0,28.7,31.3,27.0,6.8,28.4
2017-07-19,Admiralty,0.0,28.9,32.2,26.5,6.1,21.6
2017-07-20,Admiralty,0.4,28.5,31.6,26.9,6.1,25.2
2017-07-21,Admiralty,0.0,29.5,33.1,27.2,7.2,25.9
2017-07-22,Admiralty,0.0,29.8,33.8,27.5,7.6,24.1
2017-07-23,Admiralty,0.0,29.77384284852028,34.062429495141785,27.19376188003847,7.6,27.4
2017-07-24,Admiralty,2.5677762594747184,29.723404692647794,34.27421810145599,26.26739475640782,7.238610852796218,36.14746120057286
2017-07-25,Admiralty,8.03370019617814,29.657470671653126,34.42582036099114,24.959800182147422,6.592534258118946,48.351036808491564
2017-07-26,Admiralty,15.867770776326863,29.584825924806896,34.507690815795755,23.509879710296666,5.817737483038182,61.94349742530845
2017-07-27,Admiralty,25.53998696613746,29.51425559137968,34.51028400791838,22.156534893894925,5.0701877946239176,74.85761365257575
2017-07-28,Admiralty,36.52034773182652,29.454544810642105,34.42405447940754,21.1386672859816,4.5058524599461505,85.02615609184585
2017-07-29,Admiralty,48.27885203961062,29.41447872186474,34.23945677231174,20.695178439596056,4.280698746074879,90.38189534467101
2017-07-30,Admiralty,60.28549885570636,29.402842464318205,33.94694542867954,21.064969907777687,4.550693920080098,88.85760201260351
2017-07-31,Admiralty,72.01028714633033,29.428421177273094,33.53697499055944,22.486943243565875,5.4718052490318065,78.38604669719575
2017-08-01,Admiralty,82.92321587769909,29.5,33.0,25.2,7.2,56.9
2017-08-02,Admiralty,92.49428401602925,29.5,32.4,28.0,9.0,33.8
2017-08-03,Admiralty,100.1934905275374,29.2,32.3,27.0,8.3,37.8
2017-08-04,Admiralty,105.49083437844011,29.4,33.1,27.1,7.9,29.2
2017-08-05,Admiralty,107.85631453495395,29.5,33.0,27.4,8.6,31.3
2017-08-06,Admiralty,106.75992996329555,28.8,33.7,25.7,7.6,33.5
2017-08-07,Admiralty,101.67167962968145,28.4,31.1,25.7,6.8,29.9
2017-08-08,Admiralty,92.06156250032826,27.2,29.8,24.1,7.2,34.9
2017-08-09,Admiralty,77.39957754145259,27.2,30.9,24.7,6.8,28.4
2017-08-10,Admiralty,57.155723719270945,28.7,32.2,25.5,6.1,33.1
2017-08-11,Admiralty,30.8,26.6,29.3,23.3,5.0,33.5
2017-08-12,Admiralty,5.0,26.3,28.9,24.3,6.5,29.5
2017-08-13,Admiralty,0.0,26.9,28.7,25.0,7.2,23.8
2017-08-14,Admiralty,0.0,28.2,32.0,25.5,6.1,27.4
2017-08-15,Admiralty,11.2,26.2,27.5,23.0,6.5,33.5
2017-08-16,Admiralty,0.0,28.2,32.6,25.5,5.4,24.1
2017-08-17,Admiralty,66.2,26.9,31.4,23.0,8.3,38.2
2017-08-18,Admiralty,3.8,27.2,31.2,24.4,7.2,35.6
2017-08-19,Admiralty,0.0,28.3,32.8,26.3,8.3,42.8
2017-08-20,Admiralty,0.0,29.2,32.6,26.9,7.6,29.5
2017-08-21,Admiralty,14.6,28.1,32.8,25.2,6.8,32.4
2017-08-22,Admiralty,0.0,27.3,29.4,25.0,6.8,29.9
2017-08-23,Admiralty,0.0,29.0,32.5,26.0,6.5,29.5
2017-08-24,Admiralty,0.0,28.6,32.0,26.0,6.5,36.4
2017-08-25,Admiralty,0.0,28.1,31.5,25.5,6.8,29.5
2017-08-26,Admiralty,0.0,28.6,32.0,26.2,6.1,27.4
2017-08-27,Admiralty,0.0,27.5,31.5,25.0,6.8,32.8
2017-08-28,Admiralty,0.0,28.0,31.8,26.1,5.8,24.8
2017-08-29,Admiralty,0.2,26.7,29.4,25.0,5.8,22.3
2017-08-30,Admiralty,0.4,27.3,32.5,25.3,6.5,34.9
2017-08-31,Admiralty,0.4,28.6,32.8,25.2,7.9,29.5
2017-09-01,Admiralty,1.2,29.4,33.1,27.2,8.3,32.0
2017-09-02,Admiralty,0.0,28.8,34.3,25.8,9.0,31.3
2017-09-03,Admiralty,0.0,29.2,32.1,27.4,11.2,36.7
2017-09-04,Admiralty,0.0,28.9,32.7,25.5,6.1,31.7
2017-09-05,Admiralty,0.8,28.7,32.2,26.1,7.6,33.5
2017-09-06,Admiralty,9.8,26.8,29.6,24.0,5.4,28.4
2017-09-07,Admiralty,0.0,28.4,32.5,25.5,5.8,25.2
2017-09-08,Admiralty,37.4,27.2,32.4,23.5,6.5,49.7
2017-09-09,Admiralty,0.2,28.0,32.0,26.0,4.3,35.6
2017-09-10,Admiralty,1.4,27.2,31.1,25.2,5.8,47.5
2017-09-11,Admiralty,16.4,26.2,29.9,23.0,6.1,34.2
2017-09-12,Admiralty,0.0,28.8,33.8,25.2,6.1,25.6
2017-09-13,Admiralty,0.0,29.3,33.6,25.5,6.8,26.6
2017-09-14,Admiralty,7.4,27.9,31.2,25.7,5.0,33.8
2017-09-15,Admiralty,4.4,26.8,28.7,25.1,5.0,31.0
2017-09-16,Admiralty,0.6,27.0,30.1,24.3,7.9,33.8
2017-09-17,Admiralty,1.6,28.7,33.6,26.7,7.9,40.7
2017-09-18,Admiralty,21.2,26.3,31.7,22.1,5.4,60.8
2017-09-19,Admiralty,14.2,26.1,30.2,24.0,5.8,28.4
2017-09-20,Admiralty,5.6,26.8,30.0,23.9,8.3,46.1
2017-09-21,Admiralty,7.6,26.8,30.7,23.5,6.1,39.6
2017-09-22,Admiralty,3.8,28.4,31.8,24.8,5.8,32.0
2017-09-23,Admiralty,1.0,28.8,32.9,25.3,5.8,28.4
2017-09-24,Admiralty,0.2,28.7,32.6,24.9,5.8,36.7
2017-09-25,Admiralty,3.2,28.3,32.7,24.1,6.5,49.3
2017-09-26,Admiralty,7.4,26.8,32.6,23.7,5.8,47.5
2017-09-27,Admiralty,0.0,27.4,30.6,24.4,6.1,34.2
2017-09-28,Admiralty,0.4,28.0,31.2,25.3,5.0,28.1
2017-09-29,Admiralty,14.4,26.9,29.7,23.0,6.5,51.8
2017-09-30,Admiralty,0.0,27.5,30.7,25.5,9.0,33.8
2017-10-01,Admiralty,11.2,26.6,30.0,25.3,6.1,29.5
2017-10-02,Admiralty,0.0,27.5,31.4,24.8,6.8,32.4
2017-10-03,Admiralty,0.2,27.2,32.1,25.6,6.1,29.9
2017-10-04,Admiralty,8.8,25.6,27.6,22.9,5.8,38.5
2017-10-05,Admiralty,2.4,26.8,30.8,24.3,5.0,25.6
2017-10-06,Admiralty,23.2,27.2,32.8,24.5,5.4,29.9
2017-10-07,Admiralty,11.4,27.3,33.2,24.1,6.5,42.8
2017-10-08,Admiralty,5.2,27.1,32.0,24.6,6.1,31.3
2017-10-09,Admiralty,4.0,27.9,32.1,24.0,8.3,33.1
2017-10-10,Admiralty,1.4,28.0,32.3,24.0,6.8,28.1
2017-10-11,Admiralty,10.4,28.3,32.1,23.7,8.3,41.4
2017-10-12,Admiralty,1.2,27.2,29.4,24.7,5.8,29.9
2017-10-13,Admiralty,1.8,27.0,30.6,24.4,7.6,35.6
2017-10-14,Admiralty,0.0,29.2,33.3,26.4,7.2,25.2
2017-10-15,Admiralty,0.0,29.6,33.5,26.9,7.2,29.9
2017-10-16,Admiralty,2.2,28.8,32.3,24.0,7.2,45.4
2017-10-17,Admiralty,0.0,30.3,34.1,27.6,6.1,28.8
2017-10-18,Admiralty,0.0,30.3,34.8,26.8,8.3,29.2
2017-10-19,Admiralty,0.0,29.6,33.3,27.0,7.6,29.2
2017-10-20,Admiralty,0.0,29.5,33.8,26.2,7.2,26.3
2017-10-21,Admiralty,0.0,29.7,33.8,26.9,7.6,31.7
2017-10-22,Admiralty,0.0,29.1,32.0,27.0,7.2,28.4
2017-10-23,Admiralty,0.0,28.3,31.2,26.7,6.1,24.5
2017-10-24,Admiralty,1.8,27.4,31.4,25.9,6.1,22.3
2017-10-25,Admiralty,6.2,27.7,35.3,25.3,6.8,34.9
2017-10-26,Admiralty,0.2,27.7,32.9,25.8,6.1,23.0
2017-10-27,Admiralty,0.0,27.6,31.3,25.6,6.1,23.8
2017-10-28,Admiralty,0.0,28.4,33.4,25.5,9.0,34.2
2017-10-29,Admiralty,14.6,26.4,32.0,24.3,6.5,39.2
2017-10-30,Admiralty,5.2,26.5,29.1,24.7,6.1,23.8
2017-10-31,Admiralty,3.4,26.1,28.2,23.2,6.1,53.3
2017-11-01,Admiralty,0.0,27.4,31.9,25.3,6.1,28.1
2017-11-02,Admiralty,0.0,27.5,30.4,25.3,6.5,31.0
2017-11-03,Admiralty,22.8,27.6,32.1,23.7,7.6,38.9
2017-11-04,Admiralty,7.6,27.1,32.8,23.9,6.5,44.6
2017-11-05,Admiralty,16.6,27.9,32.5,24.6,5.8,20.9
2017-11-06,Admiralty,54.8,26.2,30.1,22.7,6.1,24.1
2017-11-07,Admiralty,4.0,26.6,30.8,24.8,6.1,23.8
2017-11-08,Admiralty,2.8,26.7,30.3,23.9,10.4,33.5
2017-11-09,Admiralty,62.2,26.4,31.8,23.2,7.2,29.2
2017-11-10,Admiralty,56.8,26.0,31.4,23.4,5.8,31.7
2017-11-11,Admiralty,20.4,25.7,29.7,24.4,4.7,38.2
2017-11-12,Admiralty,0.8,27.2,30.3,25.1,7.6,34.9
2017-11-13,Admiralty,12.0,27.4,33.8,25.0,6.1,42.8
2017-11-14,Admiralty,55.2,25.9,27.1,23.3,6.5,29.2
2017-11-15,Admiralty,0.0,26.9,31.6,24.8,6.8,29.5
2017-11-16,Admiralty,16.2,27.8,33.0,25.0,6.5,31.3
2017-11-17,Admiralty,0.2,27.5,31.7,24.2,6.5,44.3
2017-11-18,Admiralty,58.0,27.6,34.5,23.2,5.0,40.3
2017-11-19,Admiralty,0.0,28.2,31.7,26.1,7.2,28.4
